"Pred","Truth","Type","Convergence","sim","EM","OM"
1,0.5,"Female Sex Ratio","Converged",1,"Age","Growth_M (0,0)"
1,0.5,"Male Sex Ratio","Converged",1,"Age","Growth_M (0,0)"
116.939260710896,105.629281085488,"Bmsy","Converged",1,"Age","Growth_M (0,0)"
0.15988239063541,0.161408960638001,"Fmsy","Converged",1,"Age","Growth_M (0,0)"
17.6786940070902,17.28778,"R0","Converged",1,"Age","Growth_M (0,0)"
0.102770817856775,0.108,"M_F","Converged",1,"Age","Growth_M (0,0)"
0.102770817856775,0.108,"M_M","Converged",1,"Age","Growth_M (0,0)"
1,0.5,"Female Sex Ratio","Converged",2,"Age","Growth_M (0,0)"
1,0.5,"Male Sex Ratio","Converged",2,"Age","Growth_M (0,0)"
124.226385151766,105.629281085488,"Bmsy","Converged",2,"Age","Growth_M (0,0)"
0.157591708109708,0.161408960638001,"Fmsy","Converged",2,"Age","Growth_M (0,0)"
13.0009941739919,17.28778,"R0","Converged",2,"Age","Growth_M (0,0)"
0.0987499456618921,0.108,"M_F","Converged",2,"Age","Growth_M (0,0)"
0.0987499456618921,0.108,"M_M","Converged",2,"Age","Growth_M (0,0)"
1,0.5,"Female Sex Ratio","Converged",3,"Age","Growth_M (0,0)"
1,0.5,"Male Sex Ratio","Converged",3,"Age","Growth_M (0,0)"
131.549965039891,105.629281085488,"Bmsy","Converged",3,"Age","Growth_M (0,0)"
0.15414264439996,0.161408960638001,"Fmsy","Converged",3,"Age","Growth_M (0,0)"
14.3456631061711,17.28778,"R0","Converged",3,"Age","Growth_M (0,0)"
0.0967719778866163,0.108,"M_F","Converged",3,"Age","Growth_M (0,0)"
0.0967719778866163,0.108,"M_M","Converged",3,"Age","Growth_M (0,0)"
1,0.5,"Female Sex Ratio","Converged",4,"Age","Growth_M (0,0)"
1,0.5,"Male Sex Ratio","Converged",4,"Age","Growth_M (0,0)"
148.534511060486,105.629281085488,"Bmsy","Converged",4,"Age","Growth_M (0,0)"
0.149406156027432,0.161408960638001,"Fmsy","Converged",4,"Age","Growth_M (0,0)"
10.7744525881579,17.28778,"R0","Converged",4,"Age","Growth_M (0,0)"
0.0881047512319058,0.108,"M_F","Converged",4,"Age","Growth_M (0,0)"
0.0881047512319058,0.108,"M_M","Converged",4,"Age","Growth_M (0,0)"
1,0.5,"Female Sex Ratio","Converged",5,"Age","Growth_M (0,0)"
1,0.5,"Male Sex Ratio","Converged",5,"Age","Growth_M (0,0)"
105.360502836163,105.629281085488,"Bmsy","Converged",5,"Age","Growth_M (0,0)"
0.158127322458485,0.161408960638001,"Fmsy","Converged",5,"Age","Growth_M (0,0)"
16.3493347727579,17.28778,"R0","Converged",5,"Age","Growth_M (0,0)"
0.110279895658023,0.108,"M_F","Converged",5,"Age","Growth_M (0,0)"
0.110279895658023,0.108,"M_M","Converged",5,"Age","Growth_M (0,0)"
1,0.5,"Female Sex Ratio","Converged",6,"Age","Growth_M (0,0)"
1,0.5,"Male Sex Ratio","Converged",6,"Age","Growth_M (0,0)"
112.998636515192,105.629281085488,"Bmsy","Converged",6,"Age","Growth_M (0,0)"
0.161788823690048,0.161408960638001,"Fmsy","Converged",6,"Age","Growth_M (0,0)"
17.3976198386111,17.28778,"R0","Converged",6,"Age","Growth_M (0,0)"
0.105708016580766,0.108,"M_F","Converged",6,"Age","Growth_M (0,0)"
0.105708016580766,0.108,"M_M","Converged",6,"Age","Growth_M (0,0)"
1,0.5,"Female Sex Ratio","Converged",7,"Age","Growth_M (0,0)"
1,0.5,"Male Sex Ratio","Converged",7,"Age","Growth_M (0,0)"
85.7906091883831,105.629281085488,"Bmsy","Converged",7,"Age","Growth_M (0,0)"
0.172253540944714,0.161408960638001,"Fmsy","Converged",7,"Age","Growth_M (0,0)"
28.782050806569,17.28778,"R0","Converged",7,"Age","Growth_M (0,0)"
0.127180180737524,0.108,"M_F","Converged",7,"Age","Growth_M (0,0)"
0.127180180737524,0.108,"M_M","Converged",7,"Age","Growth_M (0,0)"
1,0.5,"Female Sex Ratio","Converged",8,"Age","Growth_M (0,0)"
1,0.5,"Male Sex Ratio","Converged",8,"Age","Growth_M (0,0)"
142.377221536686,105.629281085488,"Bmsy","Converged",8,"Age","Growth_M (0,0)"
0.151532773979045,0.161408960638001,"Fmsy","Converged",8,"Age","Growth_M (0,0)"
14.0205551956772,17.28778,"R0","Converged",8,"Age","Growth_M (0,0)"
0.0908095701057894,0.108,"M_F","Converged",8,"Age","Growth_M (0,0)"
0.0908095701057894,0.108,"M_M","Converged",8,"Age","Growth_M (0,0)"
1,0.5,"Female Sex Ratio","Converged",9,"Age","Growth_M (0,0)"
1,0.5,"Male Sex Ratio","Converged",9,"Age","Growth_M (0,0)"
73.6306762209835,105.629281085488,"Bmsy","Converged",9,"Age","Growth_M (0,0)"
0.173460445956405,0.161408960638001,"Fmsy","Converged",9,"Age","Growth_M (0,0)"
37.579340571319,17.28778,"R0","Converged",9,"Age","Growth_M (0,0)"
0.139080247647412,0.108,"M_F","Converged",9,"Age","Growth_M (0,0)"
0.139080247647412,0.108,"M_M","Converged",9,"Age","Growth_M (0,0)"
1,0.5,"Female Sex Ratio","Converged",10,"Age","Growth_M (0,0)"
1,0.5,"Male Sex Ratio","Converged",10,"Age","Growth_M (0,0)"
101.34896327243,105.629281085488,"Bmsy","Converged",10,"Age","Growth_M (0,0)"
0.168901780504648,0.161408960638001,"Fmsy","Converged",10,"Age","Growth_M (0,0)"
19.2325302918912,17.28778,"R0","Converged",10,"Age","Growth_M (0,0)"
0.113299769449407,0.108,"M_F","Converged",10,"Age","Growth_M (0,0)"
0.113299769449407,0.108,"M_M","Converged",10,"Age","Growth_M (0,0)"
1,0.5,"Female Sex Ratio","Converged",11,"Age","Growth_M (0,0)"
1,0.5,"Male Sex Ratio","Converged",11,"Age","Growth_M (0,0)"
98.0956741146396,105.629281085488,"Bmsy","Converged",11,"Age","Growth_M (0,0)"
0.166839021216698,0.161408960638001,"Fmsy","Converged",11,"Age","Growth_M (0,0)"
19.2428532413198,17.28778,"R0","Converged",11,"Age","Growth_M (0,0)"
0.115815258647815,0.108,"M_F","Converged",11,"Age","Growth_M (0,0)"
0.115815258647815,0.108,"M_M","Converged",11,"Age","Growth_M (0,0)"
1,0.5,"Female Sex Ratio","Converged",12,"Age","Growth_M (0,0)"
1,0.5,"Male Sex Ratio","Converged",12,"Age","Growth_M (0,0)"
92.0662226049771,105.629281085488,"Bmsy","Converged",12,"Age","Growth_M (0,0)"
0.172029087695297,0.161408960638001,"Fmsy","Converged",12,"Age","Growth_M (0,0)"
24.3697076589792,17.28778,"R0","Converged",12,"Age","Growth_M (0,0)"
0.12149317341631,0.108,"M_F","Converged",12,"Age","Growth_M (0,0)"
0.12149317341631,0.108,"M_M","Converged",12,"Age","Growth_M (0,0)"
1,0.5,"Female Sex Ratio","Converged",13,"Age","Growth_M (0,0)"
1,0.5,"Male Sex Ratio","Converged",13,"Age","Growth_M (0,0)"
119.948917821226,105.629281085488,"Bmsy","Converged",13,"Age","Growth_M (0,0)"
0.157475084404939,0.161408960638001,"Fmsy","Converged",13,"Age","Growth_M (0,0)"
13.4487799339097,17.28778,"R0","Converged",13,"Age","Growth_M (0,0)"
0.101895360337316,0.108,"M_F","Converged",13,"Age","Growth_M (0,0)"
0.101895360337316,0.108,"M_M","Converged",13,"Age","Growth_M (0,0)"
1,0.5,"Female Sex Ratio","Converged",14,"Age","Growth_M (0,0)"
1,0.5,"Male Sex Ratio","Converged",14,"Age","Growth_M (0,0)"
124.86907461459,105.629281085488,"Bmsy","Converged",14,"Age","Growth_M (0,0)"
0.152264723531824,0.161408960638001,"Fmsy","Converged",14,"Age","Growth_M (0,0)"
14.5439384743199,17.28778,"R0","Converged",14,"Age","Growth_M (0,0)"
0.0999192124523497,0.108,"M_F","Converged",14,"Age","Growth_M (0,0)"
0.0999192124523497,0.108,"M_M","Converged",14,"Age","Growth_M (0,0)"
1,0.5,"Female Sex Ratio","Converged",15,"Age","Growth_M (0,0)"
1,0.5,"Male Sex Ratio","Converged",15,"Age","Growth_M (0,0)"
117.247751204299,105.629281085488,"Bmsy","Converged",15,"Age","Growth_M (0,0)"
0.157242809683316,0.161408960638001,"Fmsy","Converged",15,"Age","Growth_M (0,0)"
14.9544460441631,17.28778,"R0","Converged",15,"Age","Growth_M (0,0)"
0.103601213254724,0.108,"M_F","Converged",15,"Age","Growth_M (0,0)"
0.103601213254724,0.108,"M_M","Converged",15,"Age","Growth_M (0,0)"
1,0.5,"Female Sex Ratio","Converged",16,"Age","Growth_M (0,0)"
1,0.5,"Male Sex Ratio","Converged",16,"Age","Growth_M (0,0)"
103.570361600314,105.629281085488,"Bmsy","Converged",16,"Age","Growth_M (0,0)"
0.162396757210903,0.161408960638001,"Fmsy","Converged",16,"Age","Growth_M (0,0)"
17.947409188087,17.28778,"R0","Converged",16,"Age","Growth_M (0,0)"
0.112667814694168,0.108,"M_F","Converged",16,"Age","Growth_M (0,0)"
0.112667814694168,0.108,"M_M","Converged",16,"Age","Growth_M (0,0)"
1,0.5,"Female Sex Ratio","Converged",17,"Age","Growth_M (0,0)"
1,0.5,"Male Sex Ratio","Converged",17,"Age","Growth_M (0,0)"
111.25545657217,105.629281085488,"Bmsy","Converged",17,"Age","Growth_M (0,0)"
0.158426100074223,0.161408960638001,"Fmsy","Converged",17,"Age","Growth_M (0,0)"
15.9364856587835,17.28778,"R0","Converged",17,"Age","Growth_M (0,0)"
0.10660966499425,0.108,"M_F","Converged",17,"Age","Growth_M (0,0)"
0.10660966499425,0.108,"M_M","Converged",17,"Age","Growth_M (0,0)"
1,0.5,"Female Sex Ratio","Converged",18,"Age","Growth_M (0,0)"
1,0.5,"Male Sex Ratio","Converged",18,"Age","Growth_M (0,0)"
98.674776901758,105.629281085488,"Bmsy","Converged",18,"Age","Growth_M (0,0)"
0.173261319282027,0.161408960638001,"Fmsy","Converged",18,"Age","Growth_M (0,0)"
17.8362415453161,17.28778,"R0","Converged",18,"Age","Growth_M (0,0)"
0.115520453372033,0.108,"M_F","Converged",18,"Age","Growth_M (0,0)"
0.115520453372033,0.108,"M_M","Converged",18,"Age","Growth_M (0,0)"
1,0.5,"Female Sex Ratio","Converged",19,"Age","Growth_M (0,0)"
1,0.5,"Male Sex Ratio","Converged",19,"Age","Growth_M (0,0)"
93.8478231616163,105.629281085488,"Bmsy","Converged",19,"Age","Growth_M (0,0)"
0.163343866683717,0.161408960638001,"Fmsy","Converged",19,"Age","Growth_M (0,0)"
20.4957151671537,17.28778,"R0","Converged",19,"Age","Growth_M (0,0)"
0.120757520530432,0.108,"M_F","Converged",19,"Age","Growth_M (0,0)"
0.120757520530432,0.108,"M_M","Converged",19,"Age","Growth_M (0,0)"
1,0.5,"Female Sex Ratio","Converged",20,"Age","Growth_M (0,0)"
1,0.5,"Male Sex Ratio","Converged",20,"Age","Growth_M (0,0)"
130.520004139492,105.629281085488,"Bmsy","Converged",20,"Age","Growth_M (0,0)"
0.154667940251299,0.161408960638001,"Fmsy","Converged",20,"Age","Growth_M (0,0)"
11.4915041535051,17.28778,"R0","Converged",20,"Age","Growth_M (0,0)"
0.0966568476731518,0.108,"M_F","Converged",20,"Age","Growth_M (0,0)"
0.0966568476731518,0.108,"M_M","Converged",20,"Age","Growth_M (0,0)"
1,0.5,"Female Sex Ratio","Converged",21,"Age","Growth_M (0,0)"
1,0.5,"Male Sex Ratio","Converged",21,"Age","Growth_M (0,0)"
98.3115786207906,105.629281085488,"Bmsy","Converged",21,"Age","Growth_M (0,0)"
0.165349175668903,0.161408960638001,"Fmsy","Converged",21,"Age","Growth_M (0,0)"
18.7978326368854,17.28778,"R0","Converged",21,"Age","Growth_M (0,0)"
0.115990064976678,0.108,"M_F","Converged",21,"Age","Growth_M (0,0)"
0.115990064976678,0.108,"M_M","Converged",21,"Age","Growth_M (0,0)"
1,0.5,"Female Sex Ratio","Converged",22,"Age","Growth_M (0,0)"
1,0.5,"Male Sex Ratio","Converged",22,"Age","Growth_M (0,0)"
82.8907310216483,105.629281085488,"Bmsy","Converged",22,"Age","Growth_M (0,0)"
0.171343471948238,0.161408960638001,"Fmsy","Converged",22,"Age","Growth_M (0,0)"
27.6954008198653,17.28778,"R0","Converged",22,"Age","Growth_M (0,0)"
0.128748697703609,0.108,"M_F","Converged",22,"Age","Growth_M (0,0)"
0.128748697703609,0.108,"M_M","Converged",22,"Age","Growth_M (0,0)"
1,0.5,"Female Sex Ratio","Converged",23,"Age","Growth_M (0,0)"
1,0.5,"Male Sex Ratio","Converged",23,"Age","Growth_M (0,0)"
141.770357632078,105.629281085488,"Bmsy","Converged",23,"Age","Growth_M (0,0)"
0.149924031428302,0.161408960638001,"Fmsy","Converged",23,"Age","Growth_M (0,0)"
11.9114898256707,17.28778,"R0","Converged",23,"Age","Growth_M (0,0)"
0.0902232005980902,0.108,"M_F","Converged",23,"Age","Growth_M (0,0)"
0.0902232005980902,0.108,"M_M","Converged",23,"Age","Growth_M (0,0)"
1,0.5,"Female Sex Ratio","Converged",24,"Age","Growth_M (0,0)"
1,0.5,"Male Sex Ratio","Converged",24,"Age","Growth_M (0,0)"
111.064347374596,105.629281085488,"Bmsy","Converged",24,"Age","Growth_M (0,0)"
0.16237574473053,0.161408960638001,"Fmsy","Converged",24,"Age","Growth_M (0,0)"
17.3816971212164,17.28778,"R0","Converged",24,"Age","Growth_M (0,0)"
0.106904907702421,0.108,"M_F","Converged",24,"Age","Growth_M (0,0)"
0.106904907702421,0.108,"M_M","Converged",24,"Age","Growth_M (0,0)"
1,0.5,"Female Sex Ratio","Converged",25,"Age","Growth_M (0,0)"
1,0.5,"Male Sex Ratio","Converged",25,"Age","Growth_M (0,0)"
94.5840047340862,105.629281085488,"Bmsy","Converged",25,"Age","Growth_M (0,0)"
0.167701193586117,0.161408960638001,"Fmsy","Converged",25,"Age","Growth_M (0,0)"
22.2106215245171,17.28778,"R0","Converged",25,"Age","Growth_M (0,0)"
0.119352021391794,0.108,"M_F","Converged",25,"Age","Growth_M (0,0)"
0.119352021391794,0.108,"M_M","Converged",25,"Age","Growth_M (0,0)"
1,0.5,"Female Sex Ratio","Converged",26,"Age","Growth_M (0,0)"
1,0.5,"Male Sex Ratio","Converged",26,"Age","Growth_M (0,0)"
99.0313229970752,105.629281085488,"Bmsy","Converged",26,"Age","Growth_M (0,0)"
0.170984373540877,0.161408960638001,"Fmsy","Converged",26,"Age","Growth_M (0,0)"
18.9715098141518,17.28778,"R0","Converged",26,"Age","Growth_M (0,0)"
0.115972085220058,0.108,"M_F","Converged",26,"Age","Growth_M (0,0)"
0.115972085220058,0.108,"M_M","Converged",26,"Age","Growth_M (0,0)"
1,0.5,"Female Sex Ratio","Converged",27,"Age","Growth_M (0,0)"
1,0.5,"Male Sex Ratio","Converged",27,"Age","Growth_M (0,0)"
110.266790923371,105.629281085488,"Bmsy","Converged",27,"Age","Growth_M (0,0)"
0.158012617843882,0.161408960638001,"Fmsy","Converged",27,"Age","Growth_M (0,0)"
15.9261144097677,17.28778,"R0","Converged",27,"Age","Growth_M (0,0)"
0.108080007930688,0.108,"M_F","Converged",27,"Age","Growth_M (0,0)"
0.108080007930688,0.108,"M_M","Converged",27,"Age","Growth_M (0,0)"
1,0.5,"Female Sex Ratio","Converged",28,"Age","Growth_M (0,0)"
1,0.5,"Male Sex Ratio","Converged",28,"Age","Growth_M (0,0)"
112.227842983802,105.629281085488,"Bmsy","Converged",28,"Age","Growth_M (0,0)"
0.157355015756942,0.161408960638001,"Fmsy","Converged",28,"Age","Growth_M (0,0)"
16.6994123790971,17.28778,"R0","Converged",28,"Age","Growth_M (0,0)"
0.105639835417941,0.108,"M_F","Converged",28,"Age","Growth_M (0,0)"
0.105639835417941,0.108,"M_M","Converged",28,"Age","Growth_M (0,0)"
1,0.5,"Female Sex Ratio","Converged",29,"Age","Growth_M (0,0)"
1,0.5,"Male Sex Ratio","Converged",29,"Age","Growth_M (0,0)"
129.476861845348,105.629281085488,"Bmsy","Converged",29,"Age","Growth_M (0,0)"
0.154329427426167,0.161408960638001,"Fmsy","Converged",29,"Age","Growth_M (0,0)"
13.4360850072191,17.28778,"R0","Converged",29,"Age","Growth_M (0,0)"
0.095830715149907,0.108,"M_F","Converged",29,"Age","Growth_M (0,0)"
0.095830715149907,0.108,"M_M","Converged",29,"Age","Growth_M (0,0)"
1,0.5,"Female Sex Ratio","Converged",30,"Age","Growth_M (0,0)"
1,0.5,"Male Sex Ratio","Converged",30,"Age","Growth_M (0,0)"
94.0129946716177,105.629281085488,"Bmsy","Converged",30,"Age","Growth_M (0,0)"
0.168831080058382,0.161408960638001,"Fmsy","Converged",30,"Age","Growth_M (0,0)"
22.7728578287993,17.28778,"R0","Converged",30,"Age","Growth_M (0,0)"
0.118320208875595,0.108,"M_F","Converged",30,"Age","Growth_M (0,0)"
0.118320208875595,0.108,"M_M","Converged",30,"Age","Growth_M (0,0)"
1,0.5,"Female Sex Ratio","Converged",31,"Age","Growth_M (0,0)"
1,0.5,"Male Sex Ratio","Converged",31,"Age","Growth_M (0,0)"
133.771877950471,105.629281085488,"Bmsy","Converged",31,"Age","Growth_M (0,0)"
0.153014888391652,0.161408960638001,"Fmsy","Converged",31,"Age","Growth_M (0,0)"
14.5216515174313,17.28778,"R0","Converged",31,"Age","Growth_M (0,0)"
0.095172402716415,0.108,"M_F","Converged",31,"Age","Growth_M (0,0)"
0.095172402716415,0.108,"M_M","Converged",31,"Age","Growth_M (0,0)"
1,0.5,"Female Sex Ratio","Converged",32,"Age","Growth_M (0,0)"
1,0.5,"Male Sex Ratio","Converged",32,"Age","Growth_M (0,0)"
111.64661903234,105.629281085488,"Bmsy","Converged",32,"Age","Growth_M (0,0)"
0.169548024550426,0.161408960638001,"Fmsy","Converged",32,"Age","Growth_M (0,0)"
15.7079819791544,17.28778,"R0","Converged",32,"Age","Growth_M (0,0)"
0.106483986413077,0.108,"M_F","Converged",32,"Age","Growth_M (0,0)"
0.106483986413077,0.108,"M_M","Converged",32,"Age","Growth_M (0,0)"
1,0.5,"Female Sex Ratio","Converged",33,"Age","Growth_M (0,0)"
1,0.5,"Male Sex Ratio","Converged",33,"Age","Growth_M (0,0)"
101.812821545844,105.629281085488,"Bmsy","Converged",33,"Age","Growth_M (0,0)"
0.166365553037569,0.161408960638001,"Fmsy","Converged",33,"Age","Growth_M (0,0)"
16.9592045539889,17.28778,"R0","Converged",33,"Age","Growth_M (0,0)"
0.112871644488602,0.108,"M_F","Converged",33,"Age","Growth_M (0,0)"
0.112871644488602,0.108,"M_M","Converged",33,"Age","Growth_M (0,0)"
1,0.5,"Female Sex Ratio","Converged",34,"Age","Growth_M (0,0)"
1,0.5,"Male Sex Ratio","Converged",34,"Age","Growth_M (0,0)"
118.775316791226,105.629281085488,"Bmsy","Converged",34,"Age","Growth_M (0,0)"
0.154696025907818,0.161408960638001,"Fmsy","Converged",34,"Age","Growth_M (0,0)"
15.4684728412063,17.28778,"R0","Converged",34,"Age","Growth_M (0,0)"
0.102966460246524,0.108,"M_F","Converged",34,"Age","Growth_M (0,0)"
0.102966460246524,0.108,"M_M","Converged",34,"Age","Growth_M (0,0)"
1,0.5,"Female Sex Ratio","Converged",35,"Age","Growth_M (0,0)"
1,0.5,"Male Sex Ratio","Converged",35,"Age","Growth_M (0,0)"
89.6286928730298,105.629281085488,"Bmsy","Converged",35,"Age","Growth_M (0,0)"
0.170811749089016,0.161408960638001,"Fmsy","Converged",35,"Age","Growth_M (0,0)"
23.5361030593117,17.28778,"R0","Converged",35,"Age","Growth_M (0,0)"
0.123003064672579,0.108,"M_F","Converged",35,"Age","Growth_M (0,0)"
0.123003064672579,0.108,"M_M","Converged",35,"Age","Growth_M (0,0)"
1,0.5,"Female Sex Ratio","Converged",36,"Age","Growth_M (0,0)"
1,0.5,"Male Sex Ratio","Converged",36,"Age","Growth_M (0,0)"
136.376292918278,105.629281085488,"Bmsy","Converged",36,"Age","Growth_M (0,0)"
0.151472791418249,0.161408960638001,"Fmsy","Converged",36,"Age","Growth_M (0,0)"
13.1397634152468,17.28778,"R0","Converged",36,"Age","Growth_M (0,0)"
0.0941636367600325,0.108,"M_F","Converged",36,"Age","Growth_M (0,0)"
0.0941636367600325,0.108,"M_M","Converged",36,"Age","Growth_M (0,0)"
1,0.5,"Female Sex Ratio","Converged",37,"Age","Growth_M (0,0)"
1,0.5,"Male Sex Ratio","Converged",37,"Age","Growth_M (0,0)"
106.088359816225,105.629281085488,"Bmsy","Converged",37,"Age","Growth_M (0,0)"
0.160625476401547,0.161408960638001,"Fmsy","Converged",37,"Age","Growth_M (0,0)"
17.8186707144826,17.28778,"R0","Converged",37,"Age","Growth_M (0,0)"
0.110591440742593,0.108,"M_F","Converged",37,"Age","Growth_M (0,0)"
0.110591440742593,0.108,"M_M","Converged",37,"Age","Growth_M (0,0)"
1,0.5,"Female Sex Ratio","Converged",38,"Age","Growth_M (0,0)"
1,0.5,"Male Sex Ratio","Converged",38,"Age","Growth_M (0,0)"
101.014876392393,105.629281085488,"Bmsy","Converged",38,"Age","Growth_M (0,0)"
0.165997586922704,0.161408960638001,"Fmsy","Converged",38,"Age","Growth_M (0,0)"
21.1705291587643,17.28778,"R0","Converged",38,"Age","Growth_M (0,0)"
0.114582617074855,0.108,"M_F","Converged",38,"Age","Growth_M (0,0)"
0.114582617074855,0.108,"M_M","Converged",38,"Age","Growth_M (0,0)"
1,0.5,"Female Sex Ratio","Converged",39,"Age","Growth_M (0,0)"
1,0.5,"Male Sex Ratio","Converged",39,"Age","Growth_M (0,0)"
85.4125797392461,105.629281085488,"Bmsy","Converged",39,"Age","Growth_M (0,0)"
0.165627821498683,0.161408960638001,"Fmsy","Converged",39,"Age","Growth_M (0,0)"
21.6884907854305,17.28778,"R0","Converged",39,"Age","Growth_M (0,0)"
0.127581686025364,0.108,"M_F","Converged",39,"Age","Growth_M (0,0)"
0.127581686025364,0.108,"M_M","Converged",39,"Age","Growth_M (0,0)"
1,0.5,"Female Sex Ratio","Converged",40,"Age","Growth_M (0,0)"
1,0.5,"Male Sex Ratio","Converged",40,"Age","Growth_M (0,0)"
107.626259016619,105.629281085488,"Bmsy","Converged",40,"Age","Growth_M (0,0)"
0.160703742942351,0.161408960638001,"Fmsy","Converged",40,"Age","Growth_M (0,0)"
16.0533218439542,17.28778,"R0","Converged",40,"Age","Growth_M (0,0)"
0.109993206942518,0.108,"M_F","Converged",40,"Age","Growth_M (0,0)"
0.109993206942518,0.108,"M_M","Converged",40,"Age","Growth_M (0,0)"
1,0.5,"Female Sex Ratio","Converged",41,"Age","Growth_M (0,0)"
1,0.5,"Male Sex Ratio","Converged",41,"Age","Growth_M (0,0)"
121.239531341927,105.629281085488,"Bmsy","Converged",41,"Age","Growth_M (0,0)"
0.165677514691117,0.161408960638001,"Fmsy","Converged",41,"Age","Growth_M (0,0)"
16.701075724514,17.28778,"R0","Converged",41,"Age","Growth_M (0,0)"
0.100390509649395,0.108,"M_F","Converged",41,"Age","Growth_M (0,0)"
0.100390509649395,0.108,"M_M","Converged",41,"Age","Growth_M (0,0)"
1,0.5,"Female Sex Ratio","Converged",42,"Age","Growth_M (0,0)"
1,0.5,"Male Sex Ratio","Converged",42,"Age","Growth_M (0,0)"
90.4980137225109,105.629281085488,"Bmsy","Converged",42,"Age","Growth_M (0,0)"
0.168547631244977,0.161408960638001,"Fmsy","Converged",42,"Age","Growth_M (0,0)"
22.2814697059257,17.28778,"R0","Converged",42,"Age","Growth_M (0,0)"
0.122879341260344,0.108,"M_F","Converged",42,"Age","Growth_M (0,0)"
0.122879341260344,0.108,"M_M","Converged",42,"Age","Growth_M (0,0)"
1,0.5,"Female Sex Ratio","Converged",43,"Age","Growth_M (0,0)"
1,0.5,"Male Sex Ratio","Converged",43,"Age","Growth_M (0,0)"
105.200873335943,105.629281085488,"Bmsy","Converged",43,"Age","Growth_M (0,0)"
0.162834805078611,0.161408960638001,"Fmsy","Converged",43,"Age","Growth_M (0,0)"
16.7446595795782,17.28778,"R0","Converged",43,"Age","Growth_M (0,0)"
0.111020874173713,0.108,"M_F","Converged",43,"Age","Growth_M (0,0)"
0.111020874173713,0.108,"M_M","Converged",43,"Age","Growth_M (0,0)"
1,0.5,"Female Sex Ratio","Converged",44,"Age","Growth_M (0,0)"
1,0.5,"Male Sex Ratio","Converged",44,"Age","Growth_M (0,0)"
118.356636649638,105.629281085488,"Bmsy","Converged",44,"Age","Growth_M (0,0)"
0.160226661320167,0.161408960638001,"Fmsy","Converged",44,"Age","Growth_M (0,0)"
18.6405989601417,17.28778,"R0","Converged",44,"Age","Growth_M (0,0)"
0.102133172802836,0.108,"M_F","Converged",44,"Age","Growth_M (0,0)"
0.102133172802836,0.108,"M_M","Converged",44,"Age","Growth_M (0,0)"
1,0.5,"Female Sex Ratio","Converged",45,"Age","Growth_M (0,0)"
1,0.5,"Male Sex Ratio","Converged",45,"Age","Growth_M (0,0)"
107.367076053578,105.629281085488,"Bmsy","Converged",45,"Age","Growth_M (0,0)"
0.162638077907189,0.161408960638001,"Fmsy","Converged",45,"Age","Growth_M (0,0)"
22.4521095884687,17.28778,"R0","Converged",45,"Age","Growth_M (0,0)"
0.110283288403552,0.108,"M_F","Converged",45,"Age","Growth_M (0,0)"
0.110283288403552,0.108,"M_M","Converged",45,"Age","Growth_M (0,0)"
1,0.5,"Female Sex Ratio","Converged",46,"Age","Growth_M (0,0)"
1,0.5,"Male Sex Ratio","Converged",46,"Age","Growth_M (0,0)"
130.38108569226,105.629281085488,"Bmsy","Converged",46,"Age","Growth_M (0,0)"
0.154723035304264,0.161408960638001,"Fmsy","Converged",46,"Age","Growth_M (0,0)"
12.6450847854509,17.28778,"R0","Converged",46,"Age","Growth_M (0,0)"
0.0966161425822198,0.108,"M_F","Converged",46,"Age","Growth_M (0,0)"
0.0966161425822198,0.108,"M_M","Converged",46,"Age","Growth_M (0,0)"
1,0.5,"Female Sex Ratio","Converged",47,"Age","Growth_M (0,0)"
1,0.5,"Male Sex Ratio","Converged",47,"Age","Growth_M (0,0)"
125.169475285662,105.629281085488,"Bmsy","Converged",47,"Age","Growth_M (0,0)"
0.158587784278505,0.161408960638001,"Fmsy","Converged",47,"Age","Growth_M (0,0)"
13.5071959076286,17.28778,"R0","Converged",47,"Age","Growth_M (0,0)"
0.0990609300708434,0.108,"M_F","Converged",47,"Age","Growth_M (0,0)"
0.0990609300708434,0.108,"M_M","Converged",47,"Age","Growth_M (0,0)"
1,0.5,"Female Sex Ratio","Converged",48,"Age","Growth_M (0,0)"
1,0.5,"Male Sex Ratio","Converged",48,"Age","Growth_M (0,0)"
114.784694512532,105.629281085488,"Bmsy","Converged",48,"Age","Growth_M (0,0)"
0.161229042455631,0.161408960638001,"Fmsy","Converged",48,"Age","Growth_M (0,0)"
14.8307922411622,17.28778,"R0","Converged",48,"Age","Growth_M (0,0)"
0.105244657026203,0.108,"M_F","Converged",48,"Age","Growth_M (0,0)"
0.105244657026203,0.108,"M_M","Converged",48,"Age","Growth_M (0,0)"
1,0.5,"Female Sex Ratio","Converged",49,"Age","Growth_M (0,0)"
1,0.5,"Male Sex Ratio","Converged",49,"Age","Growth_M (0,0)"
107.039870152714,105.629281085488,"Bmsy","Converged",49,"Age","Growth_M (0,0)"
0.156831744280586,0.161408960638001,"Fmsy","Converged",49,"Age","Growth_M (0,0)"
15.9802241657769,17.28778,"R0","Converged",49,"Age","Growth_M (0,0)"
0.110065252444139,0.108,"M_F","Converged",49,"Age","Growth_M (0,0)"
0.110065252444139,0.108,"M_M","Converged",49,"Age","Growth_M (0,0)"
1,0.5,"Female Sex Ratio","Converged",50,"Age","Growth_M (0,0)"
1,0.5,"Male Sex Ratio","Converged",50,"Age","Growth_M (0,0)"
122.392593261747,105.629281085488,"Bmsy","Converged",50,"Age","Growth_M (0,0)"
0.157500967621043,0.161408960638001,"Fmsy","Converged",50,"Age","Growth_M (0,0)"
14.1776715721763,17.28778,"R0","Converged",50,"Age","Growth_M (0,0)"
0.101225415207828,0.108,"M_F","Converged",50,"Age","Growth_M (0,0)"
0.101225415207828,0.108,"M_M","Converged",50,"Age","Growth_M (0,0)"
1,0.5,"Female Sex Ratio","Converged",51,"Age","Growth_M (0,0)"
1,0.5,"Male Sex Ratio","Converged",51,"Age","Growth_M (0,0)"
94.1124962143808,105.629281085488,"Bmsy","Converged",51,"Age","Growth_M (0,0)"
0.165745426009275,0.161408960638001,"Fmsy","Converged",51,"Age","Growth_M (0,0)"
17.6034660338084,17.28778,"R0","Converged",51,"Age","Growth_M (0,0)"
0.120010032360355,0.108,"M_F","Converged",51,"Age","Growth_M (0,0)"
0.120010032360355,0.108,"M_M","Converged",51,"Age","Growth_M (0,0)"
1,0.5,"Female Sex Ratio","Converged",52,"Age","Growth_M (0,0)"
1,0.5,"Male Sex Ratio","Converged",52,"Age","Growth_M (0,0)"
136.726180666893,105.629281085488,"Bmsy","Converged",52,"Age","Growth_M (0,0)"
0.152097364131551,0.161408960638001,"Fmsy","Converged",52,"Age","Growth_M (0,0)"
12.2211246608835,17.28778,"R0","Converged",52,"Age","Growth_M (0,0)"
0.0935456322581646,0.108,"M_F","Converged",52,"Age","Growth_M (0,0)"
0.0935456322581646,0.108,"M_M","Converged",52,"Age","Growth_M (0,0)"
1,0.5,"Female Sex Ratio","Converged",53,"Age","Growth_M (0,0)"
1,0.5,"Male Sex Ratio","Converged",53,"Age","Growth_M (0,0)"
97.5673075510047,105.629281085488,"Bmsy","Converged",53,"Age","Growth_M (0,0)"
0.165198912103042,0.161408960638001,"Fmsy","Converged",53,"Age","Growth_M (0,0)"
21.8583288397928,17.28778,"R0","Converged",53,"Age","Growth_M (0,0)"
0.117443548207394,0.108,"M_F","Converged",53,"Age","Growth_M (0,0)"
0.117443548207394,0.108,"M_M","Converged",53,"Age","Growth_M (0,0)"
1,0.5,"Female Sex Ratio","Converged",54,"Age","Growth_M (0,0)"
1,0.5,"Male Sex Ratio","Converged",54,"Age","Growth_M (0,0)"
118.376747664219,105.629281085488,"Bmsy","Converged",54,"Age","Growth_M (0,0)"
0.154832169911679,0.161408960638001,"Fmsy","Converged",54,"Age","Growth_M (0,0)"
15.6356811426572,17.28778,"R0","Converged",54,"Age","Growth_M (0,0)"
0.102311996557868,0.108,"M_F","Converged",54,"Age","Growth_M (0,0)"
0.102311996557868,0.108,"M_M","Converged",54,"Age","Growth_M (0,0)"
1,0.5,"Female Sex Ratio","Converged",55,"Age","Growth_M (0,0)"
1,0.5,"Male Sex Ratio","Converged",55,"Age","Growth_M (0,0)"
104.44394411519,105.629281085488,"Bmsy","Converged",55,"Age","Growth_M (0,0)"
0.160914060111146,0.161408960638001,"Fmsy","Converged",55,"Age","Growth_M (0,0)"
18.3903749256668,17.28778,"R0","Converged",55,"Age","Growth_M (0,0)"
0.111806724386431,0.108,"M_F","Converged",55,"Age","Growth_M (0,0)"
0.111806724386431,0.108,"M_M","Converged",55,"Age","Growth_M (0,0)"
1,0.5,"Female Sex Ratio","Converged",56,"Age","Growth_M (0,0)"
1,0.5,"Male Sex Ratio","Converged",56,"Age","Growth_M (0,0)"
104.264588075485,105.629281085488,"Bmsy","Converged",56,"Age","Growth_M (0,0)"
0.166732182649965,0.161408960638001,"Fmsy","Converged",56,"Age","Growth_M (0,0)"
17.7080024794834,17.28778,"R0","Converged",56,"Age","Growth_M (0,0)"
0.11174254816797,0.108,"M_F","Converged",56,"Age","Growth_M (0,0)"
0.11174254816797,0.108,"M_M","Converged",56,"Age","Growth_M (0,0)"
1,0.5,"Female Sex Ratio","Converged",57,"Age","Growth_M (0,0)"
1,0.5,"Male Sex Ratio","Converged",57,"Age","Growth_M (0,0)"
117.980977125456,105.629281085488,"Bmsy","Converged",57,"Age","Growth_M (0,0)"
0.158824912471495,0.161408960638001,"Fmsy","Converged",57,"Age","Growth_M (0,0)"
16.6896533853941,17.28778,"R0","Converged",57,"Age","Growth_M (0,0)"
0.102174820787578,0.108,"M_F","Converged",57,"Age","Growth_M (0,0)"
0.102174820787578,0.108,"M_M","Converged",57,"Age","Growth_M (0,0)"
1,0.5,"Female Sex Ratio","Converged",58,"Age","Growth_M (0,0)"
1,0.5,"Male Sex Ratio","Converged",58,"Age","Growth_M (0,0)"
109.371634029814,105.629281085488,"Bmsy","Converged",58,"Age","Growth_M (0,0)"
0.157063335525549,0.161408960638001,"Fmsy","Converged",58,"Age","Growth_M (0,0)"
17.9225774383778,17.28778,"R0","Converged",58,"Age","Growth_M (0,0)"
0.107931275977056,0.108,"M_F","Converged",58,"Age","Growth_M (0,0)"
0.107931275977056,0.108,"M_M","Converged",58,"Age","Growth_M (0,0)"
1,0.5,"Female Sex Ratio","Converged",59,"Age","Growth_M (0,0)"
1,0.5,"Male Sex Ratio","Converged",59,"Age","Growth_M (0,0)"
83.779663967098,105.629281085488,"Bmsy","Converged",59,"Age","Growth_M (0,0)"
0.170709141898029,0.161408960638001,"Fmsy","Converged",59,"Age","Growth_M (0,0)"
29.0187361833408,17.28778,"R0","Converged",59,"Age","Growth_M (0,0)"
0.128124674337679,0.108,"M_F","Converged",59,"Age","Growth_M (0,0)"
0.128124674337679,0.108,"M_M","Converged",59,"Age","Growth_M (0,0)"
1,0.5,"Female Sex Ratio","Converged",60,"Age","Growth_M (0,0)"
1,0.5,"Male Sex Ratio","Converged",60,"Age","Growth_M (0,0)"
140.547032066131,105.629281085488,"Bmsy","Converged",60,"Age","Growth_M (0,0)"
0.151814843115057,0.161408960638001,"Fmsy","Converged",60,"Age","Growth_M (0,0)"
12.3185899039698,17.28778,"R0","Converged",60,"Age","Growth_M (0,0)"
0.0915046557320615,0.108,"M_F","Converged",60,"Age","Growth_M (0,0)"
0.0915046557320615,0.108,"M_M","Converged",60,"Age","Growth_M (0,0)"
1,0.5,"Female Sex Ratio","Converged",61,"Age","Growth_M (0,0)"
1,0.5,"Male Sex Ratio","Converged",61,"Age","Growth_M (0,0)"
118.290054168819,105.629281085488,"Bmsy","Converged",61,"Age","Growth_M (0,0)"
0.157378952554753,0.161408960638001,"Fmsy","Converged",61,"Age","Growth_M (0,0)"
13.8593127978942,17.28778,"R0","Converged",61,"Age","Growth_M (0,0)"
0.10255342050635,0.108,"M_F","Converged",61,"Age","Growth_M (0,0)"
0.10255342050635,0.108,"M_M","Converged",61,"Age","Growth_M (0,0)"
1,0.5,"Female Sex Ratio","Converged",62,"Age","Growth_M (0,0)"
1,0.5,"Male Sex Ratio","Converged",62,"Age","Growth_M (0,0)"
93.6127272902308,105.629281085488,"Bmsy","Converged",62,"Age","Growth_M (0,0)"
0.163340167159482,0.161408960638001,"Fmsy","Converged",62,"Age","Growth_M (0,0)"
23.9346433994535,17.28778,"R0","Converged",62,"Age","Growth_M (0,0)"
0.119913016170373,0.108,"M_F","Converged",62,"Age","Growth_M (0,0)"
0.119913016170373,0.108,"M_M","Converged",62,"Age","Growth_M (0,0)"
1,0.5,"Female Sex Ratio","Converged",63,"Age","Growth_M (0,0)"
1,0.5,"Male Sex Ratio","Converged",63,"Age","Growth_M (0,0)"
138.954854882967,105.629281085488,"Bmsy","Converged",63,"Age","Growth_M (0,0)"
0.149735419473224,0.161408960638001,"Fmsy","Converged",63,"Age","Growth_M (0,0)"
13.1609984508433,17.28778,"R0","Converged",63,"Age","Growth_M (0,0)"
0.0921423123820169,0.108,"M_F","Converged",63,"Age","Growth_M (0,0)"
0.0921423123820169,0.108,"M_M","Converged",63,"Age","Growth_M (0,0)"
1,0.5,"Female Sex Ratio","Converged",64,"Age","Growth_M (0,0)"
1,0.5,"Male Sex Ratio","Converged",64,"Age","Growth_M (0,0)"
131.342228891276,105.629281085488,"Bmsy","Converged",64,"Age","Growth_M (0,0)"
0.152884007715236,0.161408960638001,"Fmsy","Converged",64,"Age","Growth_M (0,0)"
11.7898406440449,17.28778,"R0","Converged",64,"Age","Growth_M (0,0)"
0.0950539848827462,0.108,"M_F","Converged",64,"Age","Growth_M (0,0)"
0.0950539848827462,0.108,"M_M","Converged",64,"Age","Growth_M (0,0)"
1,0.5,"Female Sex Ratio","Converged",65,"Age","Growth_M (0,0)"
1,0.5,"Male Sex Ratio","Converged",65,"Age","Growth_M (0,0)"
132.543500716277,105.629281085488,"Bmsy","Converged",65,"Age","Growth_M (0,0)"
0.155072540099881,0.161408960638001,"Fmsy","Converged",65,"Age","Growth_M (0,0)"
15.7488759147736,17.28778,"R0","Converged",65,"Age","Growth_M (0,0)"
0.0949698486906283,0.108,"M_F","Converged",65,"Age","Growth_M (0,0)"
0.0949698486906283,0.108,"M_M","Converged",65,"Age","Growth_M (0,0)"
1,0.5,"Female Sex Ratio","Converged",66,"Age","Growth_M (0,0)"
1,0.5,"Male Sex Ratio","Converged",66,"Age","Growth_M (0,0)"
116.539266942115,105.629281085488,"Bmsy","Converged",66,"Age","Growth_M (0,0)"
0.159729743172429,0.161408960638001,"Fmsy","Converged",66,"Age","Growth_M (0,0)"
17.8155645550829,17.28778,"R0","Converged",66,"Age","Growth_M (0,0)"
0.104030168772583,0.108,"M_F","Converged",66,"Age","Growth_M (0,0)"
0.104030168772583,0.108,"M_M","Converged",66,"Age","Growth_M (0,0)"
1,0.5,"Female Sex Ratio","Converged",67,"Age","Growth_M (0,0)"
1,0.5,"Male Sex Ratio","Converged",67,"Age","Growth_M (0,0)"
151.257275200457,105.629281085488,"Bmsy","Converged",67,"Age","Growth_M (0,0)"
0.148746687864461,0.161408960638001,"Fmsy","Converged",67,"Age","Growth_M (0,0)"
11.5829437897173,17.28778,"R0","Converged",67,"Age","Growth_M (0,0)"
0.0863562565508554,0.108,"M_F","Converged",67,"Age","Growth_M (0,0)"
0.0863562565508554,0.108,"M_M","Converged",67,"Age","Growth_M (0,0)"
1,0.5,"Female Sex Ratio","Converged",68,"Age","Growth_M (0,0)"
1,0.5,"Male Sex Ratio","Converged",68,"Age","Growth_M (0,0)"
131.147514196514,105.629281085488,"Bmsy","Converged",68,"Age","Growth_M (0,0)"
0.152468809827186,0.161408960638001,"Fmsy","Converged",68,"Age","Growth_M (0,0)"
12.9030207883808,17.28778,"R0","Converged",68,"Age","Growth_M (0,0)"
0.095706962679305,0.108,"M_F","Converged",68,"Age","Growth_M (0,0)"
0.095706962679305,0.108,"M_M","Converged",68,"Age","Growth_M (0,0)"
1,0.5,"Female Sex Ratio","Converged",69,"Age","Growth_M (0,0)"
1,0.5,"Male Sex Ratio","Converged",69,"Age","Growth_M (0,0)"
111.86490405586,105.629281085488,"Bmsy","Converged",69,"Age","Growth_M (0,0)"
0.161432601771873,0.161408960638001,"Fmsy","Converged",69,"Age","Growth_M (0,0)"
17.0626440641624,17.28778,"R0","Converged",69,"Age","Growth_M (0,0)"
0.106589911283651,0.108,"M_F","Converged",69,"Age","Growth_M (0,0)"
0.106589911283651,0.108,"M_M","Converged",69,"Age","Growth_M (0,0)"
1,0.5,"Female Sex Ratio","Converged",70,"Age","Growth_M (0,0)"
1,0.5,"Male Sex Ratio","Converged",70,"Age","Growth_M (0,0)"
103.586686978768,105.629281085488,"Bmsy","Converged",70,"Age","Growth_M (0,0)"
0.160885105700278,0.161408960638001,"Fmsy","Converged",70,"Age","Growth_M (0,0)"
19.1859736678868,17.28778,"R0","Converged",70,"Age","Growth_M (0,0)"
0.111652808513618,0.108,"M_F","Converged",70,"Age","Growth_M (0,0)"
0.111652808513618,0.108,"M_M","Converged",70,"Age","Growth_M (0,0)"
1,0.5,"Female Sex Ratio","Converged",71,"Age","Growth_M (0,0)"
1,0.5,"Male Sex Ratio","Converged",71,"Age","Growth_M (0,0)"
113.718182603953,105.629281085488,"Bmsy","Converged",71,"Age","Growth_M (0,0)"
0.162346921302312,0.161408960638001,"Fmsy","Converged",71,"Age","Growth_M (0,0)"
12.2805861328078,17.28778,"R0","Converged",71,"Age","Growth_M (0,0)"
0.104962755070122,0.108,"M_F","Converged",71,"Age","Growth_M (0,0)"
0.104962755070122,0.108,"M_M","Converged",71,"Age","Growth_M (0,0)"
1,0.5,"Female Sex Ratio","Converged",72,"Age","Growth_M (0,0)"
1,0.5,"Male Sex Ratio","Converged",72,"Age","Growth_M (0,0)"
126.070420842246,105.629281085488,"Bmsy","Converged",72,"Age","Growth_M (0,0)"
0.157015465550211,0.161408960638001,"Fmsy","Converged",72,"Age","Growth_M (0,0)"
14.322369705148,17.28778,"R0","Converged",72,"Age","Growth_M (0,0)"
0.0992548829196945,0.108,"M_F","Converged",72,"Age","Growth_M (0,0)"
0.0992548829196945,0.108,"M_M","Converged",72,"Age","Growth_M (0,0)"
1,0.5,"Female Sex Ratio","Converged",73,"Age","Growth_M (0,0)"
1,0.5,"Male Sex Ratio","Converged",73,"Age","Growth_M (0,0)"
119.611219188941,105.629281085488,"Bmsy","Converged",73,"Age","Growth_M (0,0)"
0.155795460909243,0.161408960638001,"Fmsy","Converged",73,"Age","Growth_M (0,0)"
13.5936267311286,17.28778,"R0","Converged",73,"Age","Growth_M (0,0)"
0.102533450003698,0.108,"M_F","Converged",73,"Age","Growth_M (0,0)"
0.102533450003698,0.108,"M_M","Converged",73,"Age","Growth_M (0,0)"
1,0.5,"Female Sex Ratio","Converged",74,"Age","Growth_M (0,0)"
1,0.5,"Male Sex Ratio","Converged",74,"Age","Growth_M (0,0)"
109.988770189846,105.629281085488,"Bmsy","Converged",74,"Age","Growth_M (0,0)"
0.162736802311146,0.161408960638001,"Fmsy","Converged",74,"Age","Growth_M (0,0)"
14.460051902767,17.28778,"R0","Converged",74,"Age","Growth_M (0,0)"
0.108660773067535,0.108,"M_F","Converged",74,"Age","Growth_M (0,0)"
0.108660773067535,0.108,"M_M","Converged",74,"Age","Growth_M (0,0)"
1,0.5,"Female Sex Ratio","Converged",75,"Age","Growth_M (0,0)"
1,0.5,"Male Sex Ratio","Converged",75,"Age","Growth_M (0,0)"
111.818591849319,105.629281085488,"Bmsy","Converged",75,"Age","Growth_M (0,0)"
0.161843239918725,0.161408960638001,"Fmsy","Converged",75,"Age","Growth_M (0,0)"
17.1143991806257,17.28778,"R0","Converged",75,"Age","Growth_M (0,0)"
0.107769535405508,0.108,"M_F","Converged",75,"Age","Growth_M (0,0)"
0.107769535405508,0.108,"M_M","Converged",75,"Age","Growth_M (0,0)"
1,0.5,"Female Sex Ratio","Converged",76,"Age","Growth_M (0,0)"
1,0.5,"Male Sex Ratio","Converged",76,"Age","Growth_M (0,0)"
122.162277603291,105.629281085488,"Bmsy","Converged",76,"Age","Growth_M (0,0)"
0.161911693043149,0.161408960638001,"Fmsy","Converged",76,"Age","Growth_M (0,0)"
13.9969463619218,17.28778,"R0","Converged",76,"Age","Growth_M (0,0)"
0.100441708981177,0.108,"M_F","Converged",76,"Age","Growth_M (0,0)"
0.100441708981177,0.108,"M_M","Converged",76,"Age","Growth_M (0,0)"
1,0.5,"Female Sex Ratio","Converged",77,"Age","Growth_M (0,0)"
1,0.5,"Male Sex Ratio","Converged",77,"Age","Growth_M (0,0)"
110.169112531544,105.629281085488,"Bmsy","Converged",77,"Age","Growth_M (0,0)"
0.160776800487702,0.161408960638001,"Fmsy","Converged",77,"Age","Growth_M (0,0)"
16.3566619085284,17.28778,"R0","Converged",77,"Age","Growth_M (0,0)"
0.107500165420454,0.108,"M_F","Converged",77,"Age","Growth_M (0,0)"
0.107500165420454,0.108,"M_M","Converged",77,"Age","Growth_M (0,0)"
1,0.5,"Female Sex Ratio","Converged",78,"Age","Growth_M (0,0)"
1,0.5,"Male Sex Ratio","Converged",78,"Age","Growth_M (0,0)"
98.0590686255354,105.629281085488,"Bmsy","Converged",78,"Age","Growth_M (0,0)"
0.167047959636681,0.161408960638001,"Fmsy","Converged",78,"Age","Growth_M (0,0)"
27.3930993231167,17.28778,"R0","Converged",78,"Age","Growth_M (0,0)"
0.116902429833916,0.108,"M_F","Converged",78,"Age","Growth_M (0,0)"
0.116902429833916,0.108,"M_M","Converged",78,"Age","Growth_M (0,0)"
1,0.5,"Female Sex Ratio","Converged",79,"Age","Growth_M (0,0)"
1,0.5,"Male Sex Ratio","Converged",79,"Age","Growth_M (0,0)"
91.2267046251352,105.629281085488,"Bmsy","Converged",79,"Age","Growth_M (0,0)"
0.163430511351111,0.161408960638001,"Fmsy","Converged",79,"Age","Growth_M (0,0)"
26.1198717584465,17.28778,"R0","Converged",79,"Age","Growth_M (0,0)"
0.121460515356759,0.108,"M_F","Converged",79,"Age","Growth_M (0,0)"
0.121460515356759,0.108,"M_M","Converged",79,"Age","Growth_M (0,0)"
1,0.5,"Female Sex Ratio","Converged",80,"Age","Growth_M (0,0)"
1,0.5,"Male Sex Ratio","Converged",80,"Age","Growth_M (0,0)"
111.572293071032,105.629281085488,"Bmsy","Converged",80,"Age","Growth_M (0,0)"
0.161769211277717,0.161408960638001,"Fmsy","Converged",80,"Age","Growth_M (0,0)"
16.1388297676983,17.28778,"R0","Converged",80,"Age","Growth_M (0,0)"
0.105948082702364,0.108,"M_F","Converged",80,"Age","Growth_M (0,0)"
0.105948082702364,0.108,"M_M","Converged",80,"Age","Growth_M (0,0)"
1,0.5,"Female Sex Ratio","Converged",81,"Age","Growth_M (0,0)"
1,0.5,"Male Sex Ratio","Converged",81,"Age","Growth_M (0,0)"
106.700123238559,105.629281085488,"Bmsy","Converged",81,"Age","Growth_M (0,0)"
0.160898299474858,0.161408960638001,"Fmsy","Converged",81,"Age","Growth_M (0,0)"
18.0521638760929,17.28778,"R0","Converged",81,"Age","Growth_M (0,0)"
0.111128962457956,0.108,"M_F","Converged",81,"Age","Growth_M (0,0)"
0.111128962457956,0.108,"M_M","Converged",81,"Age","Growth_M (0,0)"
1,0.5,"Female Sex Ratio","Converged",82,"Age","Growth_M (0,0)"
1,0.5,"Male Sex Ratio","Converged",82,"Age","Growth_M (0,0)"
113.615005941178,105.629281085488,"Bmsy","Converged",82,"Age","Growth_M (0,0)"
0.161337552983271,0.161408960638001,"Fmsy","Converged",82,"Age","Growth_M (0,0)"
17.0793119836651,17.28778,"R0","Converged",82,"Age","Growth_M (0,0)"
0.105596489751428,0.108,"M_F","Converged",82,"Age","Growth_M (0,0)"
0.105596489751428,0.108,"M_M","Converged",82,"Age","Growth_M (0,0)"
1,0.5,"Female Sex Ratio","Converged",83,"Age","Growth_M (0,0)"
1,0.5,"Male Sex Ratio","Converged",83,"Age","Growth_M (0,0)"
112.481232325402,105.629281085488,"Bmsy","Converged",83,"Age","Growth_M (0,0)"
0.15877213385079,0.161408960638001,"Fmsy","Converged",83,"Age","Growth_M (0,0)"
15.8121367826022,17.28778,"R0","Converged",83,"Age","Growth_M (0,0)"
0.106545663747788,0.108,"M_F","Converged",83,"Age","Growth_M (0,0)"
0.106545663747788,0.108,"M_M","Converged",83,"Age","Growth_M (0,0)"
1,0.5,"Female Sex Ratio","Converged",84,"Age","Growth_M (0,0)"
1,0.5,"Male Sex Ratio","Converged",84,"Age","Growth_M (0,0)"
113.437516266158,105.629281085488,"Bmsy","Converged",84,"Age","Growth_M (0,0)"
0.162100357394517,0.161408960638001,"Fmsy","Converged",84,"Age","Growth_M (0,0)"
15.0823642484107,17.28778,"R0","Converged",84,"Age","Growth_M (0,0)"
0.105813633188916,0.108,"M_F","Converged",84,"Age","Growth_M (0,0)"
0.105813633188916,0.108,"M_M","Converged",84,"Age","Growth_M (0,0)"
1,0.5,"Female Sex Ratio","Converged",85,"Age","Growth_M (0,0)"
1,0.5,"Male Sex Ratio","Converged",85,"Age","Growth_M (0,0)"
105.710846596014,105.629281085488,"Bmsy","Converged",85,"Age","Growth_M (0,0)"
0.162377180362477,0.161408960638001,"Fmsy","Converged",85,"Age","Growth_M (0,0)"
16.2893168077789,17.28778,"R0","Converged",85,"Age","Growth_M (0,0)"
0.110290283540291,0.108,"M_F","Converged",85,"Age","Growth_M (0,0)"
0.110290283540291,0.108,"M_M","Converged",85,"Age","Growth_M (0,0)"
1,0.5,"Female Sex Ratio","Converged",86,"Age","Growth_M (0,0)"
1,0.5,"Male Sex Ratio","Converged",86,"Age","Growth_M (0,0)"
133.343645474862,105.629281085488,"Bmsy","Converged",86,"Age","Growth_M (0,0)"
0.153149386750077,0.161408960638001,"Fmsy","Converged",86,"Age","Growth_M (0,0)"
11.8270635166225,17.28778,"R0","Converged",86,"Age","Growth_M (0,0)"
0.094759587400863,0.108,"M_F","Converged",86,"Age","Growth_M (0,0)"
0.094759587400863,0.108,"M_M","Converged",86,"Age","Growth_M (0,0)"
1,0.5,"Female Sex Ratio","Converged",87,"Age","Growth_M (0,0)"
1,0.5,"Male Sex Ratio","Converged",87,"Age","Growth_M (0,0)"
129.095422778748,105.629281085488,"Bmsy","Converged",87,"Age","Growth_M (0,0)"
0.157893993768725,0.161408960638001,"Fmsy","Converged",87,"Age","Growth_M (0,0)"
15.908063001306,17.28778,"R0","Converged",87,"Age","Growth_M (0,0)"
0.0978657966121731,0.108,"M_F","Converged",87,"Age","Growth_M (0,0)"
0.0978657966121731,0.108,"M_M","Converged",87,"Age","Growth_M (0,0)"
1,0.5,"Female Sex Ratio","Converged",88,"Age","Growth_M (0,0)"
1,0.5,"Male Sex Ratio","Converged",88,"Age","Growth_M (0,0)"
115.796690482629,105.629281085488,"Bmsy","Converged",88,"Age","Growth_M (0,0)"
0.159790608400835,0.161408960638001,"Fmsy","Converged",88,"Age","Growth_M (0,0)"
15.9693940789648,17.28778,"R0","Converged",88,"Age","Growth_M (0,0)"
0.103321405089485,0.108,"M_F","Converged",88,"Age","Growth_M (0,0)"
0.103321405089485,0.108,"M_M","Converged",88,"Age","Growth_M (0,0)"
1,0.5,"Female Sex Ratio","Converged",89,"Age","Growth_M (0,0)"
1,0.5,"Male Sex Ratio","Converged",89,"Age","Growth_M (0,0)"
85.1206146114296,105.629281085488,"Bmsy","Converged",89,"Age","Growth_M (0,0)"
0.175238392025665,0.161408960638001,"Fmsy","Converged",89,"Age","Growth_M (0,0)"
21.0517478800053,17.28778,"R0","Converged",89,"Age","Growth_M (0,0)"
0.128542450011159,0.108,"M_F","Converged",89,"Age","Growth_M (0,0)"
0.128542450011159,0.108,"M_M","Converged",89,"Age","Growth_M (0,0)"
1,0.5,"Female Sex Ratio","Converged",90,"Age","Growth_M (0,0)"
1,0.5,"Male Sex Ratio","Converged",90,"Age","Growth_M (0,0)"
117.692311054174,105.629281085488,"Bmsy","Converged",90,"Age","Growth_M (0,0)"
0.15786724352508,0.161408960638001,"Fmsy","Converged",90,"Age","Growth_M (0,0)"
14.035516839907,17.28778,"R0","Converged",90,"Age","Growth_M (0,0)"
0.103264312886216,0.108,"M_F","Converged",90,"Age","Growth_M (0,0)"
0.103264312886216,0.108,"M_M","Converged",90,"Age","Growth_M (0,0)"
1,0.5,"Female Sex Ratio","Converged",91,"Age","Growth_M (0,0)"
1,0.5,"Male Sex Ratio","Converged",91,"Age","Growth_M (0,0)"
105.328818112534,105.629281085488,"Bmsy","Converged",91,"Age","Growth_M (0,0)"
0.163217155035563,0.161408960638001,"Fmsy","Converged",91,"Age","Growth_M (0,0)"
19.2059437874197,17.28778,"R0","Converged",91,"Age","Growth_M (0,0)"
0.110409209394505,0.108,"M_F","Converged",91,"Age","Growth_M (0,0)"
0.110409209394505,0.108,"M_M","Converged",91,"Age","Growth_M (0,0)"
1,0.5,"Female Sex Ratio","Converged",92,"Age","Growth_M (0,0)"
1,0.5,"Male Sex Ratio","Converged",92,"Age","Growth_M (0,0)"
123.747160489409,105.629281085488,"Bmsy","Converged",92,"Age","Growth_M (0,0)"
0.157827848598109,0.161408960638001,"Fmsy","Converged",92,"Age","Growth_M (0,0)"
14.9931836744212,17.28778,"R0","Converged",92,"Age","Growth_M (0,0)"
0.0993578995447076,0.108,"M_F","Converged",92,"Age","Growth_M (0,0)"
0.0993578995447076,0.108,"M_M","Converged",92,"Age","Growth_M (0,0)"
1,0.5,"Female Sex Ratio","Converged",93,"Age","Growth_M (0,0)"
1,0.5,"Male Sex Ratio","Converged",93,"Age","Growth_M (0,0)"
105.319444137536,105.629281085488,"Bmsy","Converged",93,"Age","Growth_M (0,0)"
0.165451011383356,0.161408960638001,"Fmsy","Converged",93,"Age","Growth_M (0,0)"
16.6195852361071,17.28778,"R0","Converged",93,"Age","Growth_M (0,0)"
0.111661650229388,0.108,"M_F","Converged",93,"Age","Growth_M (0,0)"
0.111661650229388,0.108,"M_M","Converged",93,"Age","Growth_M (0,0)"
1,0.5,"Female Sex Ratio","Converged",94,"Age","Growth_M (0,0)"
1,0.5,"Male Sex Ratio","Converged",94,"Age","Growth_M (0,0)"
138.705055853304,105.629281085488,"Bmsy","Converged",94,"Age","Growth_M (0,0)"
0.150709457752626,0.161408960638001,"Fmsy","Converged",94,"Age","Growth_M (0,0)"
13.7760253193944,17.28778,"R0","Converged",94,"Age","Growth_M (0,0)"
0.0922569195230786,0.108,"M_F","Converged",94,"Age","Growth_M (0,0)"
0.0922569195230786,0.108,"M_M","Converged",94,"Age","Growth_M (0,0)"
1,0.5,"Female Sex Ratio","Converged",95,"Age","Growth_M (0,0)"
1,0.5,"Male Sex Ratio","Converged",95,"Age","Growth_M (0,0)"
124.907810752651,105.629281085488,"Bmsy","Converged",95,"Age","Growth_M (0,0)"
0.152688501501023,0.161408960638001,"Fmsy","Converged",95,"Age","Growth_M (0,0)"
15.4994463246211,17.28778,"R0","Converged",95,"Age","Growth_M (0,0)"
0.0995772777286779,0.108,"M_F","Converged",95,"Age","Growth_M (0,0)"
0.0995772777286779,0.108,"M_M","Converged",95,"Age","Growth_M (0,0)"
1,0.5,"Female Sex Ratio","Converged",96,"Age","Growth_M (0,0)"
1,0.5,"Male Sex Ratio","Converged",96,"Age","Growth_M (0,0)"
108.621411916831,105.629281085488,"Bmsy","Converged",96,"Age","Growth_M (0,0)"
0.166306544603286,0.161408960638001,"Fmsy","Converged",96,"Age","Growth_M (0,0)"
16.7055263887091,17.28778,"R0","Converged",96,"Age","Growth_M (0,0)"
0.109337732109198,0.108,"M_F","Converged",96,"Age","Growth_M (0,0)"
0.109337732109198,0.108,"M_M","Converged",96,"Age","Growth_M (0,0)"
1,0.5,"Female Sex Ratio","Converged",97,"Age","Growth_M (0,0)"
1,0.5,"Male Sex Ratio","Converged",97,"Age","Growth_M (0,0)"
123.936123596266,105.629281085488,"Bmsy","Converged",97,"Age","Growth_M (0,0)"
0.154491160644307,0.161408960638001,"Fmsy","Converged",97,"Age","Growth_M (0,0)"
15.7324295292698,17.28778,"R0","Converged",97,"Age","Growth_M (0,0)"
0.0994357037922637,0.108,"M_F","Converged",97,"Age","Growth_M (0,0)"
0.0994357037922637,0.108,"M_M","Converged",97,"Age","Growth_M (0,0)"
1,0.5,"Female Sex Ratio","Converged",98,"Age","Growth_M (0,0)"
1,0.5,"Male Sex Ratio","Converged",98,"Age","Growth_M (0,0)"
131.63896111921,105.629281085488,"Bmsy","Converged",98,"Age","Growth_M (0,0)"
0.151495565623754,0.161408960638001,"Fmsy","Converged",98,"Age","Growth_M (0,0)"
13.2947192636444,17.28778,"R0","Converged",98,"Age","Growth_M (0,0)"
0.0953119971073152,0.108,"M_F","Converged",98,"Age","Growth_M (0,0)"
0.0953119971073152,0.108,"M_M","Converged",98,"Age","Growth_M (0,0)"
1,0.5,"Female Sex Ratio","Converged",99,"Age","Growth_M (0,0)"
1,0.5,"Male Sex Ratio","Converged",99,"Age","Growth_M (0,0)"
89.6756645498472,105.629281085488,"Bmsy","Converged",99,"Age","Growth_M (0,0)"
0.170086345340759,0.161408960638001,"Fmsy","Converged",99,"Age","Growth_M (0,0)"
20.4467278196137,17.28778,"R0","Converged",99,"Age","Growth_M (0,0)"
0.123595139764528,0.108,"M_F","Converged",99,"Age","Growth_M (0,0)"
0.123595139764528,0.108,"M_M","Converged",99,"Age","Growth_M (0,0)"
1,0.5,"Female Sex Ratio","Converged",100,"Age","Growth_M (0,0)"
1,0.5,"Male Sex Ratio","Converged",100,"Age","Growth_M (0,0)"
100.523176875713,105.629281085488,"Bmsy","Converged",100,"Age","Growth_M (0,0)"
0.165103910174415,0.161408960638001,"Fmsy","Converged",100,"Age","Growth_M (0,0)"
18.6587172952168,17.28778,"R0","Converged",100,"Age","Growth_M (0,0)"
0.114360917076429,0.108,"M_F","Converged",100,"Age","Growth_M (0,0)"
0.114360917076429,0.108,"M_M","Converged",100,"Age","Growth_M (0,0)"
1,0.5,"Female Sex Ratio","Converged",101,"Age","Growth_M (0,0)"
1,0.5,"Male Sex Ratio","Converged",101,"Age","Growth_M (0,0)"
129.885238360345,105.629281085488,"Bmsy","Converged",101,"Age","Growth_M (0,0)"
0.151427301429971,0.161408960638001,"Fmsy","Converged",101,"Age","Growth_M (0,0)"
12.1485170261555,17.28778,"R0","Converged",101,"Age","Growth_M (0,0)"
0.0962405230729896,0.108,"M_F","Converged",101,"Age","Growth_M (0,0)"
0.0962405230729896,0.108,"M_M","Converged",101,"Age","Growth_M (0,0)"
1,0.5,"Female Sex Ratio","Converged",102,"Age","Growth_M (0,0)"
1,0.5,"Male Sex Ratio","Converged",102,"Age","Growth_M (0,0)"
117.474909042397,105.629281085488,"Bmsy","Converged",102,"Age","Growth_M (0,0)"
0.158921796278398,0.161408960638001,"Fmsy","Converged",102,"Age","Growth_M (0,0)"
13.4682515286119,17.28778,"R0","Converged",102,"Age","Growth_M (0,0)"
0.102690440993939,0.108,"M_F","Converged",102,"Age","Growth_M (0,0)"
0.102690440993939,0.108,"M_M","Converged",102,"Age","Growth_M (0,0)"
1,0.5,"Female Sex Ratio","Converged",103,"Age","Growth_M (0,0)"
1,0.5,"Male Sex Ratio","Converged",103,"Age","Growth_M (0,0)"
106.340226103137,105.629281085488,"Bmsy","Converged",103,"Age","Growth_M (0,0)"
0.15972179008667,0.161408960638001,"Fmsy","Converged",103,"Age","Growth_M (0,0)"
16.6376901801634,17.28778,"R0","Converged",103,"Age","Growth_M (0,0)"
0.110904395059503,0.108,"M_F","Converged",103,"Age","Growth_M (0,0)"
0.110904395059503,0.108,"M_M","Converged",103,"Age","Growth_M (0,0)"
1,0.5,"Female Sex Ratio","Converged",104,"Age","Growth_M (0,0)"
1,0.5,"Male Sex Ratio","Converged",104,"Age","Growth_M (0,0)"
102.185123337793,105.629281085488,"Bmsy","Converged",104,"Age","Growth_M (0,0)"
0.164770629798756,0.161408960638001,"Fmsy","Converged",104,"Age","Growth_M (0,0)"
15.7290827393577,17.28778,"R0","Converged",104,"Age","Growth_M (0,0)"
0.113920969085139,0.108,"M_F","Converged",104,"Age","Growth_M (0,0)"
0.113920969085139,0.108,"M_M","Converged",104,"Age","Growth_M (0,0)"
1,0.5,"Female Sex Ratio","Converged",105,"Age","Growth_M (0,0)"
1,0.5,"Male Sex Ratio","Converged",105,"Age","Growth_M (0,0)"
111.216671907167,105.629281085488,"Bmsy","Converged",105,"Age","Growth_M (0,0)"
0.16123068227842,0.161408960638001,"Fmsy","Converged",105,"Age","Growth_M (0,0)"
18.6873015170641,17.28778,"R0","Converged",105,"Age","Growth_M (0,0)"
0.106530904807948,0.108,"M_F","Converged",105,"Age","Growth_M (0,0)"
0.106530904807948,0.108,"M_M","Converged",105,"Age","Growth_M (0,0)"
1,0.5,"Female Sex Ratio","Converged",106,"Age","Growth_M (0,0)"
1,0.5,"Male Sex Ratio","Converged",106,"Age","Growth_M (0,0)"
90.6751431323788,105.629281085488,"Bmsy","Converged",106,"Age","Growth_M (0,0)"
0.168352853941975,0.161408960638001,"Fmsy","Converged",106,"Age","Growth_M (0,0)"
19.3781416476854,17.28778,"R0","Converged",106,"Age","Growth_M (0,0)"
0.123049684238321,0.108,"M_F","Converged",106,"Age","Growth_M (0,0)"
0.123049684238321,0.108,"M_M","Converged",106,"Age","Growth_M (0,0)"
1,0.5,"Female Sex Ratio","Converged",107,"Age","Growth_M (0,0)"
1,0.5,"Male Sex Ratio","Converged",107,"Age","Growth_M (0,0)"
111.113757975923,105.629281085488,"Bmsy","Converged",107,"Age","Growth_M (0,0)"
0.161463489067375,0.161408960638001,"Fmsy","Converged",107,"Age","Growth_M (0,0)"
15.4989472625402,17.28778,"R0","Converged",107,"Age","Growth_M (0,0)"
0.107723260582262,0.108,"M_F","Converged",107,"Age","Growth_M (0,0)"
0.107723260582262,0.108,"M_M","Converged",107,"Age","Growth_M (0,0)"
1,0.5,"Female Sex Ratio","Converged",108,"Age","Growth_M (0,0)"
1,0.5,"Male Sex Ratio","Converged",108,"Age","Growth_M (0,0)"
115.591182088016,105.629281085488,"Bmsy","Converged",108,"Age","Growth_M (0,0)"
0.155501911380622,0.161408960638001,"Fmsy","Converged",108,"Age","Growth_M (0,0)"
14.137076993826,17.28778,"R0","Converged",108,"Age","Growth_M (0,0)"
0.103322531538277,0.108,"M_F","Converged",108,"Age","Growth_M (0,0)"
0.103322531538277,0.108,"M_M","Converged",108,"Age","Growth_M (0,0)"
1,0.5,"Female Sex Ratio","Converged",109,"Age","Growth_M (0,0)"
1,0.5,"Male Sex Ratio","Converged",109,"Age","Growth_M (0,0)"
138.366674824886,105.629281085488,"Bmsy","Converged",109,"Age","Growth_M (0,0)"
0.151968566954025,0.161408960638001,"Fmsy","Converged",109,"Age","Growth_M (0,0)"
12.0687069864796,17.28778,"R0","Converged",109,"Age","Growth_M (0,0)"
0.0935221320192205,0.108,"M_F","Converged",109,"Age","Growth_M (0,0)"
0.0935221320192205,0.108,"M_M","Converged",109,"Age","Growth_M (0,0)"
1,0.5,"Female Sex Ratio","Converged",110,"Age","Growth_M (0,0)"
1,0.5,"Male Sex Ratio","Converged",110,"Age","Growth_M (0,0)"
119.080976004504,105.629281085488,"Bmsy","Converged",110,"Age","Growth_M (0,0)"
0.160132333260435,0.161408960638001,"Fmsy","Converged",110,"Age","Growth_M (0,0)"
14.3226978160008,17.28778,"R0","Converged",110,"Age","Growth_M (0,0)"
0.101032515375973,0.108,"M_F","Converged",110,"Age","Growth_M (0,0)"
0.101032515375973,0.108,"M_M","Converged",110,"Age","Growth_M (0,0)"
1,0.5,"Female Sex Ratio","Converged",111,"Age","Growth_M (0,0)"
1,0.5,"Male Sex Ratio","Converged",111,"Age","Growth_M (0,0)"
127.797749414713,105.629281085488,"Bmsy","Converged",111,"Age","Growth_M (0,0)"
0.156743801370396,0.161408960638001,"Fmsy","Converged",111,"Age","Growth_M (0,0)"
12.3940851521949,17.28778,"R0","Converged",111,"Age","Growth_M (0,0)"
0.0977199599235841,0.108,"M_F","Converged",111,"Age","Growth_M (0,0)"
0.0977199599235841,0.108,"M_M","Converged",111,"Age","Growth_M (0,0)"
1,0.5,"Female Sex Ratio","Converged",112,"Age","Growth_M (0,0)"
1,0.5,"Male Sex Ratio","Converged",112,"Age","Growth_M (0,0)"
124.275167117072,105.629281085488,"Bmsy","Converged",112,"Age","Growth_M (0,0)"
0.154688038851722,0.161408960638001,"Fmsy","Converged",112,"Age","Growth_M (0,0)"
16.5997341333366,17.28778,"R0","Converged",112,"Age","Growth_M (0,0)"
0.0988395735785549,0.108,"M_F","Converged",112,"Age","Growth_M (0,0)"
0.0988395735785549,0.108,"M_M","Converged",112,"Age","Growth_M (0,0)"
1,0.5,"Female Sex Ratio","Converged",113,"Age","Growth_M (0,0)"
1,0.5,"Male Sex Ratio","Converged",113,"Age","Growth_M (0,0)"
99.2859261861085,105.629281085488,"Bmsy","Converged",113,"Age","Growth_M (0,0)"
0.16470168160426,0.161408960638001,"Fmsy","Converged",113,"Age","Growth_M (0,0)"
28.2529326791595,17.28778,"R0","Converged",113,"Age","Growth_M (0,0)"
0.116072054971698,0.108,"M_F","Converged",113,"Age","Growth_M (0,0)"
0.116072054971698,0.108,"M_M","Converged",113,"Age","Growth_M (0,0)"
1,0.5,"Female Sex Ratio","Converged",114,"Age","Growth_M (0,0)"
1,0.5,"Male Sex Ratio","Converged",114,"Age","Growth_M (0,0)"
122.027406154873,105.629281085488,"Bmsy","Converged",114,"Age","Growth_M (0,0)"
0.158694638115745,0.161408960638001,"Fmsy","Converged",114,"Age","Growth_M (0,0)"
17.2138105048895,17.28778,"R0","Converged",114,"Age","Growth_M (0,0)"
0.101561028024604,0.108,"M_F","Converged",114,"Age","Growth_M (0,0)"
0.101561028024604,0.108,"M_M","Converged",114,"Age","Growth_M (0,0)"
1,0.5,"Female Sex Ratio","Converged",115,"Age","Growth_M (0,0)"
1,0.5,"Male Sex Ratio","Converged",115,"Age","Growth_M (0,0)"
128.210943887295,105.629281085488,"Bmsy","Converged",115,"Age","Growth_M (0,0)"
0.152457926805708,0.161408960638001,"Fmsy","Converged",115,"Age","Growth_M (0,0)"
15.6004409909002,17.28778,"R0","Converged",115,"Age","Growth_M (0,0)"
0.0972276940343275,0.108,"M_F","Converged",115,"Age","Growth_M (0,0)"
0.0972276940343275,0.108,"M_M","Converged",115,"Age","Growth_M (0,0)"
1,0.5,"Female Sex Ratio","Converged",116,"Age","Growth_M (0,0)"
1,0.5,"Male Sex Ratio","Converged",116,"Age","Growth_M (0,0)"
104.000101365834,105.629281085488,"Bmsy","Converged",116,"Age","Growth_M (0,0)"
0.163765926239346,0.161408960638001,"Fmsy","Converged",116,"Age","Growth_M (0,0)"
20.0277148300254,17.28778,"R0","Converged",116,"Age","Growth_M (0,0)"
0.111743149155215,0.108,"M_F","Converged",116,"Age","Growth_M (0,0)"
0.111743149155215,0.108,"M_M","Converged",116,"Age","Growth_M (0,0)"
1,0.5,"Female Sex Ratio","Converged",117,"Age","Growth_M (0,0)"
1,0.5,"Male Sex Ratio","Converged",117,"Age","Growth_M (0,0)"
124.670147127535,105.629281085488,"Bmsy","Converged",117,"Age","Growth_M (0,0)"
0.153443695760335,0.161408960638001,"Fmsy","Converged",117,"Age","Growth_M (0,0)"
15.689377226325,17.28778,"R0","Converged",117,"Age","Growth_M (0,0)"
0.0991652273162396,0.108,"M_F","Converged",117,"Age","Growth_M (0,0)"
0.0991652273162396,0.108,"M_M","Converged",117,"Age","Growth_M (0,0)"
1,0.5,"Female Sex Ratio","Converged",118,"Age","Growth_M (0,0)"
1,0.5,"Male Sex Ratio","Converged",118,"Age","Growth_M (0,0)"
119.540880887128,105.629281085488,"Bmsy","Converged",118,"Age","Growth_M (0,0)"
0.160096354166331,0.161408960638001,"Fmsy","Converged",118,"Age","Growth_M (0,0)"
11.2135941957999,17.28778,"R0","Converged",118,"Age","Growth_M (0,0)"
0.102048371171378,0.108,"M_F","Converged",118,"Age","Growth_M (0,0)"
0.102048371171378,0.108,"M_M","Converged",118,"Age","Growth_M (0,0)"
1,0.5,"Female Sex Ratio","Converged",119,"Age","Growth_M (0,0)"
1,0.5,"Male Sex Ratio","Converged",119,"Age","Growth_M (0,0)"
128.127036239387,105.629281085488,"Bmsy","Converged",119,"Age","Growth_M (0,0)"
0.15578568614588,0.161408960638001,"Fmsy","Converged",119,"Age","Growth_M (0,0)"
14.2462341050095,17.28778,"R0","Converged",119,"Age","Growth_M (0,0)"
0.0974712394915927,0.108,"M_F","Converged",119,"Age","Growth_M (0,0)"
0.0974712394915927,0.108,"M_M","Converged",119,"Age","Growth_M (0,0)"
1,0.5,"Female Sex Ratio","Converged",120,"Age","Growth_M (0,0)"
1,0.5,"Male Sex Ratio","Converged",120,"Age","Growth_M (0,0)"
97.0765136349452,105.629281085488,"Bmsy","Converged",120,"Age","Growth_M (0,0)"
0.169329066956928,0.161408960638001,"Fmsy","Converged",120,"Age","Growth_M (0,0)"
20.7133220432564,17.28778,"R0","Converged",120,"Age","Growth_M (0,0)"
0.11743193210924,0.108,"M_F","Converged",120,"Age","Growth_M (0,0)"
0.11743193210924,0.108,"M_M","Converged",120,"Age","Growth_M (0,0)"
1,0.5,"Female Sex Ratio","Converged",121,"Age","Growth_M (0,0)"
1,0.5,"Male Sex Ratio","Converged",121,"Age","Growth_M (0,0)"
172.996431573992,105.629281085488,"Bmsy","Converged",121,"Age","Growth_M (0,0)"
0.139833783630009,0.161408960638001,"Fmsy","Converged",121,"Age","Growth_M (0,0)"
10.3599856965689,17.28778,"R0","Converged",121,"Age","Growth_M (0,0)"
0.078746052793436,0.108,"M_F","Converged",121,"Age","Growth_M (0,0)"
0.078746052793436,0.108,"M_M","Converged",121,"Age","Growth_M (0,0)"
1,0.5,"Female Sex Ratio","Converged",122,"Age","Growth_M (0,0)"
1,0.5,"Male Sex Ratio","Converged",122,"Age","Growth_M (0,0)"
108.818823385867,105.629281085488,"Bmsy","Converged",122,"Age","Growth_M (0,0)"
0.161945990423049,0.161408960638001,"Fmsy","Converged",122,"Age","Growth_M (0,0)"
16.6124928000055,17.28778,"R0","Converged",122,"Age","Growth_M (0,0)"
0.107820477472187,0.108,"M_F","Converged",122,"Age","Growth_M (0,0)"
0.107820477472187,0.108,"M_M","Converged",122,"Age","Growth_M (0,0)"
1,0.5,"Female Sex Ratio","Converged",123,"Age","Growth_M (0,0)"
1,0.5,"Male Sex Ratio","Converged",123,"Age","Growth_M (0,0)"
85.201195277962,105.629281085488,"Bmsy","Converged",123,"Age","Growth_M (0,0)"
0.176364407426588,0.161408960638001,"Fmsy","Converged",123,"Age","Growth_M (0,0)"
28.9653328500608,17.28778,"R0","Converged",123,"Age","Growth_M (0,0)"
0.126697444220653,0.108,"M_F","Converged",123,"Age","Growth_M (0,0)"
0.126697444220653,0.108,"M_M","Converged",123,"Age","Growth_M (0,0)"
1,0.5,"Female Sex Ratio","Converged",124,"Age","Growth_M (0,0)"
1,0.5,"Male Sex Ratio","Converged",124,"Age","Growth_M (0,0)"
101.597953408284,105.629281085488,"Bmsy","Converged",124,"Age","Growth_M (0,0)"
0.167306277021661,0.161408960638001,"Fmsy","Converged",124,"Age","Growth_M (0,0)"
22.4664086030919,17.28778,"R0","Converged",124,"Age","Growth_M (0,0)"
0.114777150586457,0.108,"M_F","Converged",124,"Age","Growth_M (0,0)"
0.114777150586457,0.108,"M_M","Converged",124,"Age","Growth_M (0,0)"
1,0.5,"Female Sex Ratio","Converged",125,"Age","Growth_M (0,0)"
1,0.5,"Male Sex Ratio","Converged",125,"Age","Growth_M (0,0)"
136.288649732485,105.629281085488,"Bmsy","Converged",125,"Age","Growth_M (0,0)"
0.148048224368973,0.161408960638001,"Fmsy","Converged",125,"Age","Growth_M (0,0)"
13.0040763261864,17.28778,"R0","Converged",125,"Age","Growth_M (0,0)"
0.093714784326182,0.108,"M_F","Converged",125,"Age","Growth_M (0,0)"
0.093714784326182,0.108,"M_M","Converged",125,"Age","Growth_M (0,0)"
1,0.5,"Female Sex Ratio","Converged",126,"Age","Growth_M (0,0)"
1,0.5,"Male Sex Ratio","Converged",126,"Age","Growth_M (0,0)"
104.810232416284,105.629281085488,"Bmsy","Converged",126,"Age","Growth_M (0,0)"
0.165365715459799,0.161408960638001,"Fmsy","Converged",126,"Age","Growth_M (0,0)"
15.9905988814147,17.28778,"R0","Converged",126,"Age","Growth_M (0,0)"
0.111557041239326,0.108,"M_F","Converged",126,"Age","Growth_M (0,0)"
0.111557041239326,0.108,"M_M","Converged",126,"Age","Growth_M (0,0)"
1,0.5,"Female Sex Ratio","Converged",127,"Age","Growth_M (0,0)"
1,0.5,"Male Sex Ratio","Converged",127,"Age","Growth_M (0,0)"
87.8818096137314,105.629281085488,"Bmsy","Converged",127,"Age","Growth_M (0,0)"
0.171429822243474,0.161408960638001,"Fmsy","Converged",127,"Age","Growth_M (0,0)"
28.5494273539558,17.28778,"R0","Converged",127,"Age","Growth_M (0,0)"
0.125678234547138,0.108,"M_F","Converged",127,"Age","Growth_M (0,0)"
0.125678234547138,0.108,"M_M","Converged",127,"Age","Growth_M (0,0)"
1,0.5,"Female Sex Ratio","Converged",128,"Age","Growth_M (0,0)"
1,0.5,"Male Sex Ratio","Converged",128,"Age","Growth_M (0,0)"
119.882538051117,105.629281085488,"Bmsy","Converged",128,"Age","Growth_M (0,0)"
0.160042905088035,0.161408960638001,"Fmsy","Converged",128,"Age","Growth_M (0,0)"
14.9032646809624,17.28778,"R0","Converged",128,"Age","Growth_M (0,0)"
0.102350870400746,0.108,"M_F","Converged",128,"Age","Growth_M (0,0)"
0.102350870400746,0.108,"M_M","Converged",128,"Age","Growth_M (0,0)"
1,0.5,"Female Sex Ratio","Converged",129,"Age","Growth_M (0,0)"
1,0.5,"Male Sex Ratio","Converged",129,"Age","Growth_M (0,0)"
137.418207639855,105.629281085488,"Bmsy","Converged",129,"Age","Growth_M (0,0)"
0.149966706074527,0.161408960638001,"Fmsy","Converged",129,"Age","Growth_M (0,0)"
15.9445661339218,17.28778,"R0","Converged",129,"Age","Growth_M (0,0)"
0.0930600968583734,0.108,"M_F","Converged",129,"Age","Growth_M (0,0)"
0.0930600968583734,0.108,"M_M","Converged",129,"Age","Growth_M (0,0)"
1,0.5,"Female Sex Ratio","Converged",130,"Age","Growth_M (0,0)"
1,0.5,"Male Sex Ratio","Converged",130,"Age","Growth_M (0,0)"
106.588406096781,105.629281085488,"Bmsy","Converged",130,"Age","Growth_M (0,0)"
0.164056391636931,0.161408960638001,"Fmsy","Converged",130,"Age","Growth_M (0,0)"
16.8349406479792,17.28778,"R0","Converged",130,"Age","Growth_M (0,0)"
0.109979725833238,0.108,"M_F","Converged",130,"Age","Growth_M (0,0)"
0.109979725833238,0.108,"M_M","Converged",130,"Age","Growth_M (0,0)"
1,0.5,"Female Sex Ratio","Converged",131,"Age","Growth_M (0,0)"
1,0.5,"Male Sex Ratio","Converged",131,"Age","Growth_M (0,0)"
122.520379778708,105.629281085488,"Bmsy","Converged",131,"Age","Growth_M (0,0)"
0.155591421122504,0.161408960638001,"Fmsy","Converged",131,"Age","Growth_M (0,0)"
16.7228727298384,17.28778,"R0","Converged",131,"Age","Growth_M (0,0)"
0.100202857911963,0.108,"M_F","Converged",131,"Age","Growth_M (0,0)"
0.100202857911963,0.108,"M_M","Converged",131,"Age","Growth_M (0,0)"
1,0.5,"Female Sex Ratio","Converged",132,"Age","Growth_M (0,0)"
1,0.5,"Male Sex Ratio","Converged",132,"Age","Growth_M (0,0)"
115.881192725978,105.629281085488,"Bmsy","Converged",132,"Age","Growth_M (0,0)"
0.159235123905959,0.161408960638001,"Fmsy","Converged",132,"Age","Growth_M (0,0)"
15.372927133426,17.28778,"R0","Converged",132,"Age","Growth_M (0,0)"
0.103659855507848,0.108,"M_F","Converged",132,"Age","Growth_M (0,0)"
0.103659855507848,0.108,"M_M","Converged",132,"Age","Growth_M (0,0)"
1,0.5,"Female Sex Ratio","Converged",133,"Age","Growth_M (0,0)"
1,0.5,"Male Sex Ratio","Converged",133,"Age","Growth_M (0,0)"
100.861841796928,105.629281085488,"Bmsy","Converged",133,"Age","Growth_M (0,0)"
0.165870046079773,0.161408960638001,"Fmsy","Converged",133,"Age","Growth_M (0,0)"
18.525900396952,17.28778,"R0","Converged",133,"Age","Growth_M (0,0)"
0.1146548058325,0.108,"M_F","Converged",133,"Age","Growth_M (0,0)"
0.1146548058325,0.108,"M_M","Converged",133,"Age","Growth_M (0,0)"
1,0.5,"Female Sex Ratio","Converged",134,"Age","Growth_M (0,0)"
1,0.5,"Male Sex Ratio","Converged",134,"Age","Growth_M (0,0)"
108.885799737142,105.629281085488,"Bmsy","Converged",134,"Age","Growth_M (0,0)"
0.164792050471776,0.161408960638001,"Fmsy","Converged",134,"Age","Growth_M (0,0)"
16.3659994334103,17.28778,"R0","Converged",134,"Age","Growth_M (0,0)"
0.108639086009338,0.108,"M_F","Converged",134,"Age","Growth_M (0,0)"
0.108639086009338,0.108,"M_M","Converged",134,"Age","Growth_M (0,0)"
1,0.5,"Female Sex Ratio","Converged",135,"Age","Growth_M (0,0)"
1,0.5,"Male Sex Ratio","Converged",135,"Age","Growth_M (0,0)"
96.2056020193806,105.629281085488,"Bmsy","Converged",135,"Age","Growth_M (0,0)"
0.165316678471422,0.161408960638001,"Fmsy","Converged",135,"Age","Growth_M (0,0)"
22.8036098778243,17.28778,"R0","Converged",135,"Age","Growth_M (0,0)"
0.117974764530478,0.108,"M_F","Converged",135,"Age","Growth_M (0,0)"
0.117974764530478,0.108,"M_M","Converged",135,"Age","Growth_M (0,0)"
1,0.5,"Female Sex Ratio","Converged",136,"Age","Growth_M (0,0)"
1,0.5,"Male Sex Ratio","Converged",136,"Age","Growth_M (0,0)"
111.274035346879,105.629281085488,"Bmsy","Converged",136,"Age","Growth_M (0,0)"
0.158074090176122,0.161408960638001,"Fmsy","Converged",136,"Age","Growth_M (0,0)"
17.1367867316317,17.28778,"R0","Converged",136,"Age","Growth_M (0,0)"
0.10729323532966,0.108,"M_F","Converged",136,"Age","Growth_M (0,0)"
0.10729323532966,0.108,"M_M","Converged",136,"Age","Growth_M (0,0)"
1,0.5,"Female Sex Ratio","Converged",137,"Age","Growth_M (0,0)"
1,0.5,"Male Sex Ratio","Converged",137,"Age","Growth_M (0,0)"
107.820468530097,105.629281085488,"Bmsy","Converged",137,"Age","Growth_M (0,0)"
0.16199831734881,0.161408960638001,"Fmsy","Converged",137,"Age","Growth_M (0,0)"
18.4882754749991,17.28778,"R0","Converged",137,"Age","Growth_M (0,0)"
0.110054755719669,0.108,"M_F","Converged",137,"Age","Growth_M (0,0)"
0.110054755719669,0.108,"M_M","Converged",137,"Age","Growth_M (0,0)"
1,0.5,"Female Sex Ratio","Converged",138,"Age","Growth_M (0,0)"
1,0.5,"Male Sex Ratio","Converged",138,"Age","Growth_M (0,0)"
138.185428291849,105.629281085488,"Bmsy","Converged",138,"Age","Growth_M (0,0)"
0.153356105417332,0.161408960638001,"Fmsy","Converged",138,"Age","Growth_M (0,0)"
13.8678287853824,17.28778,"R0","Converged",138,"Age","Growth_M (0,0)"
0.0915295643040997,0.108,"M_F","Converged",138,"Age","Growth_M (0,0)"
0.0915295643040997,0.108,"M_M","Converged",138,"Age","Growth_M (0,0)"
1,0.5,"Female Sex Ratio","Converged",139,"Age","Growth_M (0,0)"
1,0.5,"Male Sex Ratio","Converged",139,"Age","Growth_M (0,0)"
102.442324207195,105.629281085488,"Bmsy","Converged",139,"Age","Growth_M (0,0)"
0.158105532613062,0.161408960638001,"Fmsy","Converged",139,"Age","Growth_M (0,0)"
21.3680675028799,17.28778,"R0","Converged",139,"Age","Growth_M (0,0)"
0.113279775388057,0.108,"M_F","Converged",139,"Age","Growth_M (0,0)"
0.113279775388057,0.108,"M_M","Converged",139,"Age","Growth_M (0,0)"
1,0.5,"Female Sex Ratio","Converged",140,"Age","Growth_M (0,0)"
1,0.5,"Male Sex Ratio","Converged",140,"Age","Growth_M (0,0)"
91.4620609518415,105.629281085488,"Bmsy","Converged",140,"Age","Growth_M (0,0)"
0.168915104510016,0.161408960638001,"Fmsy","Converged",140,"Age","Growth_M (0,0)"
21.2548018669642,17.28778,"R0","Converged",140,"Age","Growth_M (0,0)"
0.121958914717969,0.108,"M_F","Converged",140,"Age","Growth_M (0,0)"
0.121958914717969,0.108,"M_M","Converged",140,"Age","Growth_M (0,0)"
1,0.5,"Female Sex Ratio","Converged",141,"Age","Growth_M (0,0)"
1,0.5,"Male Sex Ratio","Converged",141,"Age","Growth_M (0,0)"
111.031112260613,105.629281085488,"Bmsy","Converged",141,"Age","Growth_M (0,0)"
0.158769738905516,0.161408960638001,"Fmsy","Converged",141,"Age","Growth_M (0,0)"
19.6087212998876,17.28778,"R0","Converged",141,"Age","Growth_M (0,0)"
0.106696613508044,0.108,"M_F","Converged",141,"Age","Growth_M (0,0)"
0.106696613508044,0.108,"M_M","Converged",141,"Age","Growth_M (0,0)"
1,0.5,"Female Sex Ratio","Converged",142,"Age","Growth_M (0,0)"
1,0.5,"Male Sex Ratio","Converged",142,"Age","Growth_M (0,0)"
101.947274352257,105.629281085488,"Bmsy","Converged",142,"Age","Growth_M (0,0)"
0.162403985424933,0.161408960638001,"Fmsy","Converged",142,"Age","Growth_M (0,0)"
15.4075089046623,17.28778,"R0","Converged",142,"Age","Growth_M (0,0)"
0.114389051115095,0.108,"M_F","Converged",142,"Age","Growth_M (0,0)"
0.114389051115095,0.108,"M_M","Converged",142,"Age","Growth_M (0,0)"
1,0.5,"Female Sex Ratio","Converged",143,"Age","Growth_M (0,0)"
1,0.5,"Male Sex Ratio","Converged",143,"Age","Growth_M (0,0)"
86.2142113746933,105.629281085488,"Bmsy","Converged",143,"Age","Growth_M (0,0)"
0.16842524803419,0.161408960638001,"Fmsy","Converged",143,"Age","Growth_M (0,0)"
23.1629322409497,17.28778,"R0","Converged",143,"Age","Growth_M (0,0)"
0.126336768887381,0.108,"M_F","Converged",143,"Age","Growth_M (0,0)"
0.126336768887381,0.108,"M_M","Converged",143,"Age","Growth_M (0,0)"
1,0.5,"Female Sex Ratio","Converged",144,"Age","Growth_M (0,0)"
1,0.5,"Male Sex Ratio","Converged",144,"Age","Growth_M (0,0)"
90.9413332820522,105.629281085488,"Bmsy","Converged",144,"Age","Growth_M (0,0)"
0.167666637438559,0.161408960638001,"Fmsy","Converged",144,"Age","Growth_M (0,0)"
24.4970984971407,17.28778,"R0","Converged",144,"Age","Growth_M (0,0)"
0.121361042051866,0.108,"M_F","Converged",144,"Age","Growth_M (0,0)"
0.121361042051866,0.108,"M_M","Converged",144,"Age","Growth_M (0,0)"
1,0.5,"Female Sex Ratio","Converged",145,"Age","Growth_M (0,0)"
1,0.5,"Male Sex Ratio","Converged",145,"Age","Growth_M (0,0)"
95.1060992666933,105.629281085488,"Bmsy","Converged",145,"Age","Growth_M (0,0)"
0.165019889001742,0.161408960638001,"Fmsy","Converged",145,"Age","Growth_M (0,0)"
20.1169506270894,17.28778,"R0","Converged",145,"Age","Growth_M (0,0)"
0.119341801411173,0.108,"M_F","Converged",145,"Age","Growth_M (0,0)"
0.119341801411173,0.108,"M_M","Converged",145,"Age","Growth_M (0,0)"
1,0.5,"Female Sex Ratio","Converged",146,"Age","Growth_M (0,0)"
1,0.5,"Male Sex Ratio","Converged",146,"Age","Growth_M (0,0)"
105.303338365329,105.629281085488,"Bmsy","Converged",146,"Age","Growth_M (0,0)"
0.160768691564816,0.161408960638001,"Fmsy","Converged",146,"Age","Growth_M (0,0)"
18.5480205362131,17.28778,"R0","Converged",146,"Age","Growth_M (0,0)"
0.111396234174941,0.108,"M_F","Converged",146,"Age","Growth_M (0,0)"
0.111396234174941,0.108,"M_M","Converged",146,"Age","Growth_M (0,0)"
1,0.5,"Female Sex Ratio","Converged",147,"Age","Growth_M (0,0)"
1,0.5,"Male Sex Ratio","Converged",147,"Age","Growth_M (0,0)"
106.683821934575,105.629281085488,"Bmsy","Converged",147,"Age","Growth_M (0,0)"
0.158423366723285,0.161408960638001,"Fmsy","Converged",147,"Age","Growth_M (0,0)"
17.3366100106756,17.28778,"R0","Converged",147,"Age","Growth_M (0,0)"
0.109836909457796,0.108,"M_F","Converged",147,"Age","Growth_M (0,0)"
0.109836909457796,0.108,"M_M","Converged",147,"Age","Growth_M (0,0)"
1,0.5,"Female Sex Ratio","Converged",148,"Age","Growth_M (0,0)"
1,0.5,"Male Sex Ratio","Converged",148,"Age","Growth_M (0,0)"
126.062547207568,105.629281085488,"Bmsy","Converged",148,"Age","Growth_M (0,0)"
0.155142723501254,0.161408960638001,"Fmsy","Converged",148,"Age","Growth_M (0,0)"
14.6236458334632,17.28778,"R0","Converged",148,"Age","Growth_M (0,0)"
0.0987684930258369,0.108,"M_F","Converged",148,"Age","Growth_M (0,0)"
0.0987684930258369,0.108,"M_M","Converged",148,"Age","Growth_M (0,0)"
1,0.5,"Female Sex Ratio","Converged",149,"Age","Growth_M (0,0)"
1,0.5,"Male Sex Ratio","Converged",149,"Age","Growth_M (0,0)"
115.398926866112,105.629281085488,"Bmsy","Converged",149,"Age","Growth_M (0,0)"
0.160094942273594,0.161408960638001,"Fmsy","Converged",149,"Age","Growth_M (0,0)"
15.8248928770927,17.28778,"R0","Converged",149,"Age","Growth_M (0,0)"
0.103968203468391,0.108,"M_F","Converged",149,"Age","Growth_M (0,0)"
0.103968203468391,0.108,"M_M","Converged",149,"Age","Growth_M (0,0)"
1,0.5,"Female Sex Ratio","Converged",150,"Age","Growth_M (0,0)"
1,0.5,"Male Sex Ratio","Converged",150,"Age","Growth_M (0,0)"
109.768664475979,105.629281085488,"Bmsy","Converged",150,"Age","Growth_M (0,0)"
0.160302678269343,0.161408960638001,"Fmsy","Converged",150,"Age","Growth_M (0,0)"
13.8353700542906,17.28778,"R0","Converged",150,"Age","Growth_M (0,0)"
0.107041968775313,0.108,"M_F","Converged",150,"Age","Growth_M (0,0)"
0.107041968775313,0.108,"M_M","Converged",150,"Age","Growth_M (0,0)"
1,0.5,"Female Sex Ratio","Converged",151,"Age","Growth_M (0,0)"
1,0.5,"Male Sex Ratio","Converged",151,"Age","Growth_M (0,0)"
111.754084149686,105.629281085488,"Bmsy","Converged",151,"Age","Growth_M (0,0)"
0.165061728642479,0.161408960638001,"Fmsy","Converged",151,"Age","Growth_M (0,0)"
17.7693699551462,17.28778,"R0","Converged",151,"Age","Growth_M (0,0)"
0.106362767820645,0.108,"M_F","Converged",151,"Age","Growth_M (0,0)"
0.106362767820645,0.108,"M_M","Converged",151,"Age","Growth_M (0,0)"
1,0.5,"Female Sex Ratio","Converged",152,"Age","Growth_M (0,0)"
1,0.5,"Male Sex Ratio","Converged",152,"Age","Growth_M (0,0)"
120.245930592623,105.629281085488,"Bmsy","Converged",152,"Age","Growth_M (0,0)"
0.15832249382786,0.161408960638001,"Fmsy","Converged",152,"Age","Growth_M (0,0)"
14.5675195448493,17.28778,"R0","Converged",152,"Age","Growth_M (0,0)"
0.100866253965996,0.108,"M_F","Converged",152,"Age","Growth_M (0,0)"
0.100866253965996,0.108,"M_M","Converged",152,"Age","Growth_M (0,0)"
1,0.5,"Female Sex Ratio","Converged",153,"Age","Growth_M (0,0)"
1,0.5,"Male Sex Ratio","Converged",153,"Age","Growth_M (0,0)"
99.9484882280729,105.629281085488,"Bmsy","Converged",153,"Age","Growth_M (0,0)"
0.16084725719226,0.161408960638001,"Fmsy","Converged",153,"Age","Growth_M (0,0)"
19.753250660928,17.28778,"R0","Converged",153,"Age","Growth_M (0,0)"
0.115417694897179,0.108,"M_F","Converged",153,"Age","Growth_M (0,0)"
0.115417694897179,0.108,"M_M","Converged",153,"Age","Growth_M (0,0)"
1,0.5,"Female Sex Ratio","Converged",154,"Age","Growth_M (0,0)"
1,0.5,"Male Sex Ratio","Converged",154,"Age","Growth_M (0,0)"
103.942104768789,105.629281085488,"Bmsy","Converged",154,"Age","Growth_M (0,0)"
0.165042099063419,0.161408960638001,"Fmsy","Converged",154,"Age","Growth_M (0,0)"
15.3344022922181,17.28778,"R0","Converged",154,"Age","Growth_M (0,0)"
0.112349185496668,0.108,"M_F","Converged",154,"Age","Growth_M (0,0)"
0.112349185496668,0.108,"M_M","Converged",154,"Age","Growth_M (0,0)"
1,0.5,"Female Sex Ratio","Converged",155,"Age","Growth_M (0,0)"
1,0.5,"Male Sex Ratio","Converged",155,"Age","Growth_M (0,0)"
100.112494156904,105.629281085488,"Bmsy","Converged",155,"Age","Growth_M (0,0)"
0.162102313810549,0.161408960638001,"Fmsy","Converged",155,"Age","Growth_M (0,0)"
16.0201597309389,17.28778,"R0","Converged",155,"Age","Growth_M (0,0)"
0.11393769323801,0.108,"M_F","Converged",155,"Age","Growth_M (0,0)"
0.11393769323801,0.108,"M_M","Converged",155,"Age","Growth_M (0,0)"
1,0.5,"Female Sex Ratio","Converged",156,"Age","Growth_M (0,0)"
1,0.5,"Male Sex Ratio","Converged",156,"Age","Growth_M (0,0)"
144.654219400906,105.629281085488,"Bmsy","Converged",156,"Age","Growth_M (0,0)"
0.151410097417438,0.161408960638001,"Fmsy","Converged",156,"Age","Growth_M (0,0)"
12.6907659663439,17.28778,"R0","Converged",156,"Age","Growth_M (0,0)"
0.0905295660090899,0.108,"M_F","Converged",156,"Age","Growth_M (0,0)"
0.0905295660090899,0.108,"M_M","Converged",156,"Age","Growth_M (0,0)"
1,0.5,"Female Sex Ratio","Converged",157,"Age","Growth_M (0,0)"
1,0.5,"Male Sex Ratio","Converged",157,"Age","Growth_M (0,0)"
106.618223605241,105.629281085488,"Bmsy","Converged",157,"Age","Growth_M (0,0)"
0.15920498000229,0.161408960638001,"Fmsy","Converged",157,"Age","Growth_M (0,0)"
17.5774016974768,17.28778,"R0","Converged",157,"Age","Growth_M (0,0)"
0.109220458091731,0.108,"M_F","Converged",157,"Age","Growth_M (0,0)"
0.109220458091731,0.108,"M_M","Converged",157,"Age","Growth_M (0,0)"
1,0.5,"Female Sex Ratio","Converged",158,"Age","Growth_M (0,0)"
1,0.5,"Male Sex Ratio","Converged",158,"Age","Growth_M (0,0)"
113.040928097928,105.629281085488,"Bmsy","Converged",158,"Age","Growth_M (0,0)"
0.158320442632147,0.161408960638001,"Fmsy","Converged",158,"Age","Growth_M (0,0)"
15.2596539485544,17.28778,"R0","Converged",158,"Age","Growth_M (0,0)"
0.105597495996435,0.108,"M_F","Converged",158,"Age","Growth_M (0,0)"
0.105597495996435,0.108,"M_M","Converged",158,"Age","Growth_M (0,0)"
1,0.5,"Female Sex Ratio","Converged",159,"Age","Growth_M (0,0)"
1,0.5,"Male Sex Ratio","Converged",159,"Age","Growth_M (0,0)"
94.4507296347426,105.629281085488,"Bmsy","Converged",159,"Age","Growth_M (0,0)"
0.171874554689151,0.161408960638001,"Fmsy","Converged",159,"Age","Growth_M (0,0)"
18.0755858764587,17.28778,"R0","Converged",159,"Age","Growth_M (0,0)"
0.119865245832997,0.108,"M_F","Converged",159,"Age","Growth_M (0,0)"
0.119865245832997,0.108,"M_M","Converged",159,"Age","Growth_M (0,0)"
1,0.5,"Female Sex Ratio","Converged",160,"Age","Growth_M (0,0)"
1,0.5,"Male Sex Ratio","Converged",160,"Age","Growth_M (0,0)"
137.93952362085,105.629281085488,"Bmsy","Converged",160,"Age","Growth_M (0,0)"
0.150096924191886,0.161408960638001,"Fmsy","Converged",160,"Age","Growth_M (0,0)"
12.7721059317183,17.28778,"R0","Converged",160,"Age","Growth_M (0,0)"
0.0917740315638893,0.108,"M_F","Converged",160,"Age","Growth_M (0,0)"
0.0917740315638893,0.108,"M_M","Converged",160,"Age","Growth_M (0,0)"
1,0.5,"Female Sex Ratio","Converged",161,"Age","Growth_M (0,0)"
1,0.5,"Male Sex Ratio","Converged",161,"Age","Growth_M (0,0)"
100.59690921604,105.629281085488,"Bmsy","Converged",161,"Age","Growth_M (0,0)"
0.161479903821397,0.161408960638001,"Fmsy","Converged",161,"Age","Growth_M (0,0)"
19.1183387696069,17.28778,"R0","Converged",161,"Age","Growth_M (0,0)"
0.115982061533156,0.108,"M_F","Converged",161,"Age","Growth_M (0,0)"
0.115982061533156,0.108,"M_M","Converged",161,"Age","Growth_M (0,0)"
1,0.5,"Female Sex Ratio","Converged",162,"Age","Growth_M (0,0)"
1,0.5,"Male Sex Ratio","Converged",162,"Age","Growth_M (0,0)"
94.7561772951283,105.629281085488,"Bmsy","Converged",162,"Age","Growth_M (0,0)"
0.1629436512826,0.161408960638001,"Fmsy","Converged",162,"Age","Growth_M (0,0)"
18.183225156714,17.28778,"R0","Converged",162,"Age","Growth_M (0,0)"
0.117712933263628,0.108,"M_F","Converged",162,"Age","Growth_M (0,0)"
0.117712933263628,0.108,"M_M","Converged",162,"Age","Growth_M (0,0)"
1,0.5,"Female Sex Ratio","Converged",163,"Age","Growth_M (0,0)"
1,0.5,"Male Sex Ratio","Converged",163,"Age","Growth_M (0,0)"
89.1618968990207,105.629281085488,"Bmsy","Converged",163,"Age","Growth_M (0,0)"
0.166926383560902,0.161408960638001,"Fmsy","Converged",163,"Age","Growth_M (0,0)"
24.0928323399024,17.28778,"R0","Converged",163,"Age","Growth_M (0,0)"
0.12325508556005,0.108,"M_F","Converged",163,"Age","Growth_M (0,0)"
0.12325508556005,0.108,"M_M","Converged",163,"Age","Growth_M (0,0)"
1,0.5,"Female Sex Ratio","Converged",164,"Age","Growth_M (0,0)"
1,0.5,"Male Sex Ratio","Converged",164,"Age","Growth_M (0,0)"
111.550212366678,105.629281085488,"Bmsy","Converged",164,"Age","Growth_M (0,0)"
0.161121571523217,0.161408960638001,"Fmsy","Converged",164,"Age","Growth_M (0,0)"
15.3659555548424,17.28778,"R0","Converged",164,"Age","Growth_M (0,0)"
0.108165073894969,0.108,"M_F","Converged",164,"Age","Growth_M (0,0)"
0.108165073894969,0.108,"M_M","Converged",164,"Age","Growth_M (0,0)"
1,0.5,"Female Sex Ratio","Converged",165,"Age","Growth_M (0,0)"
1,0.5,"Male Sex Ratio","Converged",165,"Age","Growth_M (0,0)"
100.324702426575,105.629281085488,"Bmsy","Converged",165,"Age","Growth_M (0,0)"
0.165332443062285,0.161408960638001,"Fmsy","Converged",165,"Age","Growth_M (0,0)"
17.9234098629151,17.28778,"R0","Converged",165,"Age","Growth_M (0,0)"
0.11480643198837,0.108,"M_F","Converged",165,"Age","Growth_M (0,0)"
0.11480643198837,0.108,"M_M","Converged",165,"Age","Growth_M (0,0)"
1,0.5,"Female Sex Ratio","Converged",166,"Age","Growth_M (0,0)"
1,0.5,"Male Sex Ratio","Converged",166,"Age","Growth_M (0,0)"
103.979893644705,105.629281085488,"Bmsy","Converged",166,"Age","Growth_M (0,0)"
0.162373061492411,0.161408960638001,"Fmsy","Converged",166,"Age","Growth_M (0,0)"
16.7470225152832,17.28778,"R0","Converged",166,"Age","Growth_M (0,0)"
0.112454284294381,0.108,"M_F","Converged",166,"Age","Growth_M (0,0)"
0.112454284294381,0.108,"M_M","Converged",166,"Age","Growth_M (0,0)"
1,0.5,"Female Sex Ratio","Converged",167,"Age","Growth_M (0,0)"
1,0.5,"Male Sex Ratio","Converged",167,"Age","Growth_M (0,0)"
105.998219415762,105.629281085488,"Bmsy","Converged",167,"Age","Growth_M (0,0)"
0.162892433844286,0.161408960638001,"Fmsy","Converged",167,"Age","Growth_M (0,0)"
15.3415487660221,17.28778,"R0","Converged",167,"Age","Growth_M (0,0)"
0.110801447907178,0.108,"M_F","Converged",167,"Age","Growth_M (0,0)"
0.110801447907178,0.108,"M_M","Converged",167,"Age","Growth_M (0,0)"
1,0.5,"Female Sex Ratio","Converged",168,"Age","Growth_M (0,0)"
1,0.5,"Male Sex Ratio","Converged",168,"Age","Growth_M (0,0)"
84.930984903186,105.629281085488,"Bmsy","Converged",168,"Age","Growth_M (0,0)"
0.173398018812499,0.161408960638001,"Fmsy","Converged",168,"Age","Growth_M (0,0)"
31.8907045456833,17.28778,"R0","Converged",168,"Age","Growth_M (0,0)"
0.127801021733873,0.108,"M_F","Converged",168,"Age","Growth_M (0,0)"
0.127801021733873,0.108,"M_M","Converged",168,"Age","Growth_M (0,0)"
1,0.5,"Female Sex Ratio","Converged",169,"Age","Growth_M (0,0)"
1,0.5,"Male Sex Ratio","Converged",169,"Age","Growth_M (0,0)"
101.417124063182,105.629281085488,"Bmsy","Converged",169,"Age","Growth_M (0,0)"
0.162703663648866,0.161408960638001,"Fmsy","Converged",169,"Age","Growth_M (0,0)"
19.591842481104,17.28778,"R0","Converged",169,"Age","Growth_M (0,0)"
0.115088839073407,0.108,"M_F","Converged",169,"Age","Growth_M (0,0)"
0.115088839073407,0.108,"M_M","Converged",169,"Age","Growth_M (0,0)"
1,0.5,"Female Sex Ratio","Converged",170,"Age","Growth_M (0,0)"
1,0.5,"Male Sex Ratio","Converged",170,"Age","Growth_M (0,0)"
106.789069785557,105.629281085488,"Bmsy","Converged",170,"Age","Growth_M (0,0)"
0.163210055447786,0.161408960638001,"Fmsy","Converged",170,"Age","Growth_M (0,0)"
16.4884885312779,17.28778,"R0","Converged",170,"Age","Growth_M (0,0)"
0.110248066291465,0.108,"M_F","Converged",170,"Age","Growth_M (0,0)"
0.110248066291465,0.108,"M_M","Converged",170,"Age","Growth_M (0,0)"
1,0.5,"Female Sex Ratio","Converged",171,"Age","Growth_M (0,0)"
1,0.5,"Male Sex Ratio","Converged",171,"Age","Growth_M (0,0)"
88.2992692796836,105.629281085488,"Bmsy","Converged",171,"Age","Growth_M (0,0)"
0.173110001112614,0.161408960638001,"Fmsy","Converged",171,"Age","Growth_M (0,0)"
25.7802181160603,17.28778,"R0","Converged",171,"Age","Growth_M (0,0)"
0.125412483940257,0.108,"M_F","Converged",171,"Age","Growth_M (0,0)"
0.125412483940257,0.108,"M_M","Converged",171,"Age","Growth_M (0,0)"
1,0.5,"Female Sex Ratio","Converged",172,"Age","Growth_M (0,0)"
1,0.5,"Male Sex Ratio","Converged",172,"Age","Growth_M (0,0)"
100.464890052503,105.629281085488,"Bmsy","Converged",172,"Age","Growth_M (0,0)"
0.163909137067904,0.161408960638001,"Fmsy","Converged",172,"Age","Growth_M (0,0)"
20.2467310548735,17.28778,"R0","Converged",172,"Age","Growth_M (0,0)"
0.113858688819678,0.108,"M_F","Converged",172,"Age","Growth_M (0,0)"
0.113858688819678,0.108,"M_M","Converged",172,"Age","Growth_M (0,0)"
1,0.5,"Female Sex Ratio","Converged",173,"Age","Growth_M (0,0)"
1,0.5,"Male Sex Ratio","Converged",173,"Age","Growth_M (0,0)"
108.324694905062,105.629281085488,"Bmsy","Converged",173,"Age","Growth_M (0,0)"
0.163020920180794,0.161408960638001,"Fmsy","Converged",173,"Age","Growth_M (0,0)"
21.2739852526842,17.28778,"R0","Converged",173,"Age","Growth_M (0,0)"
0.109104723928824,0.108,"M_F","Converged",173,"Age","Growth_M (0,0)"
0.109104723928824,0.108,"M_M","Converged",173,"Age","Growth_M (0,0)"
1,0.5,"Female Sex Ratio","Converged",174,"Age","Growth_M (0,0)"
1,0.5,"Male Sex Ratio","Converged",174,"Age","Growth_M (0,0)"
101.497875539991,105.629281085488,"Bmsy","Converged",174,"Age","Growth_M (0,0)"
0.165607081075243,0.161408960638001,"Fmsy","Converged",174,"Age","Growth_M (0,0)"
17.1732512018554,17.28778,"R0","Converged",174,"Age","Growth_M (0,0)"
0.113595546747423,0.108,"M_F","Converged",174,"Age","Growth_M (0,0)"
0.113595546747423,0.108,"M_M","Converged",174,"Age","Growth_M (0,0)"
1,0.5,"Female Sex Ratio","Converged",175,"Age","Growth_M (0,0)"
1,0.5,"Male Sex Ratio","Converged",175,"Age","Growth_M (0,0)"
100.57213326315,105.629281085488,"Bmsy","Converged",175,"Age","Growth_M (0,0)"
0.163109092923252,0.161408960638001,"Fmsy","Converged",175,"Age","Growth_M (0,0)"
24.3972271121003,17.28778,"R0","Converged",175,"Age","Growth_M (0,0)"
0.114332644721609,0.108,"M_F","Converged",175,"Age","Growth_M (0,0)"
0.114332644721609,0.108,"M_M","Converged",175,"Age","Growth_M (0,0)"
1,0.5,"Female Sex Ratio","Converged",176,"Age","Growth_M (0,0)"
1,0.5,"Male Sex Ratio","Converged",176,"Age","Growth_M (0,0)"
100.367018743368,105.629281085488,"Bmsy","Converged",176,"Age","Growth_M (0,0)"
0.171271523475239,0.161408960638001,"Fmsy","Converged",176,"Age","Growth_M (0,0)"
15.9389729503182,17.28778,"R0","Converged",176,"Age","Growth_M (0,0)"
0.114731708761626,0.108,"M_F","Converged",176,"Age","Growth_M (0,0)"
0.114731708761626,0.108,"M_M","Converged",176,"Age","Growth_M (0,0)"
1,0.5,"Female Sex Ratio","Converged",177,"Age","Growth_M (0,0)"
1,0.5,"Male Sex Ratio","Converged",177,"Age","Growth_M (0,0)"
133.604693522975,105.629281085488,"Bmsy","Converged",177,"Age","Growth_M (0,0)"
0.154337895036123,0.161408960638001,"Fmsy","Converged",177,"Age","Growth_M (0,0)"
13.118930561379,17.28778,"R0","Converged",177,"Age","Growth_M (0,0)"
0.0938507634857034,0.108,"M_F","Converged",177,"Age","Growth_M (0,0)"
0.0938507634857034,0.108,"M_M","Converged",177,"Age","Growth_M (0,0)"
1,0.5,"Female Sex Ratio","Converged",178,"Age","Growth_M (0,0)"
1,0.5,"Male Sex Ratio","Converged",178,"Age","Growth_M (0,0)"
114.614716806085,105.629281085488,"Bmsy","Converged",178,"Age","Growth_M (0,0)"
0.153924925185053,0.161408960638001,"Fmsy","Converged",178,"Age","Growth_M (0,0)"
14.9511438690754,17.28778,"R0","Converged",178,"Age","Growth_M (0,0)"
0.104767733417908,0.108,"M_F","Converged",178,"Age","Growth_M (0,0)"
0.104767733417908,0.108,"M_M","Converged",178,"Age","Growth_M (0,0)"
1,0.5,"Female Sex Ratio","Converged",179,"Age","Growth_M (0,0)"
1,0.5,"Male Sex Ratio","Converged",179,"Age","Growth_M (0,0)"
92.2706210274604,105.629281085488,"Bmsy","Converged",179,"Age","Growth_M (0,0)"
0.170828333255626,0.161408960638001,"Fmsy","Converged",179,"Age","Growth_M (0,0)"
19.9621777455715,17.28778,"R0","Converged",179,"Age","Growth_M (0,0)"
0.121802595207295,0.108,"M_F","Converged",179,"Age","Growth_M (0,0)"
0.121802595207295,0.108,"M_M","Converged",179,"Age","Growth_M (0,0)"
1,0.5,"Female Sex Ratio","Converged",180,"Age","Growth_M (0,0)"
1,0.5,"Male Sex Ratio","Converged",180,"Age","Growth_M (0,0)"
114.987308229173,105.629281085488,"Bmsy","Converged",180,"Age","Growth_M (0,0)"
0.160926995943468,0.161408960638001,"Fmsy","Converged",180,"Age","Growth_M (0,0)"
15.3489719860374,17.28778,"R0","Converged",180,"Age","Growth_M (0,0)"
0.105135313697779,0.108,"M_F","Converged",180,"Age","Growth_M (0,0)"
0.105135313697779,0.108,"M_M","Converged",180,"Age","Growth_M (0,0)"
1,0.5,"Female Sex Ratio","Converged",181,"Age","Growth_M (0,0)"
1,0.5,"Male Sex Ratio","Converged",181,"Age","Growth_M (0,0)"
87.4575739560055,105.629281085488,"Bmsy","Converged",181,"Age","Growth_M (0,0)"
0.173821598071735,0.161408960638001,"Fmsy","Converged",181,"Age","Growth_M (0,0)"
20.7493862200063,17.28778,"R0","Converged",181,"Age","Growth_M (0,0)"
0.12475897476272,0.108,"M_F","Converged",181,"Age","Growth_M (0,0)"
0.12475897476272,0.108,"M_M","Converged",181,"Age","Growth_M (0,0)"
1,0.5,"Female Sex Ratio","Converged",182,"Age","Growth_M (0,0)"
1,0.5,"Male Sex Ratio","Converged",182,"Age","Growth_M (0,0)"
91.1732593098154,105.629281085488,"Bmsy","Converged",182,"Age","Growth_M (0,0)"
0.165464774725169,0.161408960638001,"Fmsy","Converged",182,"Age","Growth_M (0,0)"
23.5987347630357,17.28778,"R0","Converged",182,"Age","Growth_M (0,0)"
0.123021807106686,0.108,"M_F","Converged",182,"Age","Growth_M (0,0)"
0.123021807106686,0.108,"M_M","Converged",182,"Age","Growth_M (0,0)"
1,0.5,"Female Sex Ratio","Converged",183,"Age","Growth_M (0,0)"
1,0.5,"Male Sex Ratio","Converged",183,"Age","Growth_M (0,0)"
127.744882591764,105.629281085488,"Bmsy","Converged",183,"Age","Growth_M (0,0)"
0.158168970629123,0.161408960638001,"Fmsy","Converged",183,"Age","Growth_M (0,0)"
13.7302736056769,17.28778,"R0","Converged",183,"Age","Growth_M (0,0)"
0.0973450330119612,0.108,"M_F","Converged",183,"Age","Growth_M (0,0)"
0.0973450330119612,0.108,"M_M","Converged",183,"Age","Growth_M (0,0)"
1,0.5,"Female Sex Ratio","Converged",184,"Age","Growth_M (0,0)"
1,0.5,"Male Sex Ratio","Converged",184,"Age","Growth_M (0,0)"
116.256999247756,105.629281085488,"Bmsy","Converged",184,"Age","Growth_M (0,0)"
0.159193533442117,0.161408960638001,"Fmsy","Converged",184,"Age","Growth_M (0,0)"
16.6508470676101,17.28778,"R0","Converged",184,"Age","Growth_M (0,0)"
0.104099508831991,0.108,"M_F","Converged",184,"Age","Growth_M (0,0)"
0.104099508831991,0.108,"M_M","Converged",184,"Age","Growth_M (0,0)"
1,0.5,"Female Sex Ratio","Converged",185,"Age","Growth_M (0,0)"
1,0.5,"Male Sex Ratio","Converged",185,"Age","Growth_M (0,0)"
100.019289925434,105.629281085488,"Bmsy","Converged",185,"Age","Growth_M (0,0)"
0.168221353608755,0.161408960638001,"Fmsy","Converged",185,"Age","Growth_M (0,0)"
24.0544776462895,17.28778,"R0","Converged",185,"Age","Growth_M (0,0)"
0.114837655481936,0.108,"M_F","Converged",185,"Age","Growth_M (0,0)"
0.114837655481936,0.108,"M_M","Converged",185,"Age","Growth_M (0,0)"
1,0.5,"Female Sex Ratio","Converged",186,"Age","Growth_M (0,0)"
1,0.5,"Male Sex Ratio","Converged",186,"Age","Growth_M (0,0)"
114.613889090374,105.629281085488,"Bmsy","Converged",186,"Age","Growth_M (0,0)"
0.15933715522265,0.161408960638001,"Fmsy","Converged",186,"Age","Growth_M (0,0)"
15.0072014411201,17.28778,"R0","Converged",186,"Age","Growth_M (0,0)"
0.105656471222632,0.108,"M_F","Converged",186,"Age","Growth_M (0,0)"
0.105656471222632,0.108,"M_M","Converged",186,"Age","Growth_M (0,0)"
1,0.5,"Female Sex Ratio","Converged",187,"Age","Growth_M (0,0)"
1,0.5,"Male Sex Ratio","Converged",187,"Age","Growth_M (0,0)"
126.375632607434,105.629281085488,"Bmsy","Converged",187,"Age","Growth_M (0,0)"
0.155861069126637,0.161408960638001,"Fmsy","Converged",187,"Age","Growth_M (0,0)"
15.2987826862342,17.28778,"R0","Converged",187,"Age","Growth_M (0,0)"
0.0983460372903381,0.108,"M_F","Converged",187,"Age","Growth_M (0,0)"
0.0983460372903381,0.108,"M_M","Converged",187,"Age","Growth_M (0,0)"
1,0.5,"Female Sex Ratio","Converged",188,"Age","Growth_M (0,0)"
1,0.5,"Male Sex Ratio","Converged",188,"Age","Growth_M (0,0)"
109.678877178323,105.629281085488,"Bmsy","Converged",188,"Age","Growth_M (0,0)"
0.163347315138182,0.161408960638001,"Fmsy","Converged",188,"Age","Growth_M (0,0)"
16.7303416415729,17.28778,"R0","Converged",188,"Age","Growth_M (0,0)"
0.107241166018002,0.108,"M_F","Converged",188,"Age","Growth_M (0,0)"
0.107241166018002,0.108,"M_M","Converged",188,"Age","Growth_M (0,0)"
1,0.5,"Female Sex Ratio","Converged",189,"Age","Growth_M (0,0)"
1,0.5,"Male Sex Ratio","Converged",189,"Age","Growth_M (0,0)"
91.6889197946937,105.629281085488,"Bmsy","Converged",189,"Age","Growth_M (0,0)"
0.171447764706675,0.161408960638001,"Fmsy","Converged",189,"Age","Growth_M (0,0)"
21.8017618690708,17.28778,"R0","Converged",189,"Age","Growth_M (0,0)"
0.121559364729171,0.108,"M_F","Converged",189,"Age","Growth_M (0,0)"
0.121559364729171,0.108,"M_M","Converged",189,"Age","Growth_M (0,0)"
1,0.5,"Female Sex Ratio","Converged",190,"Age","Growth_M (0,0)"
1,0.5,"Male Sex Ratio","Converged",190,"Age","Growth_M (0,0)"
142.705938523289,105.629281085488,"Bmsy","Converged",190,"Age","Growth_M (0,0)"
0.148561331426535,0.161408960638001,"Fmsy","Converged",190,"Age","Growth_M (0,0)"
13.0534784890105,17.28778,"R0","Converged",190,"Age","Growth_M (0,0)"
0.0893339144149151,0.108,"M_F","Converged",190,"Age","Growth_M (0,0)"
0.0893339144149151,0.108,"M_M","Converged",190,"Age","Growth_M (0,0)"
1,0.5,"Female Sex Ratio","Converged",191,"Age","Growth_M (0,0)"
1,0.5,"Male Sex Ratio","Converged",191,"Age","Growth_M (0,0)"
113.870885230004,105.629281085488,"Bmsy","Converged",191,"Age","Growth_M (0,0)"
0.162360854874641,0.161408960638001,"Fmsy","Converged",191,"Age","Growth_M (0,0)"
18.537496032289,17.28778,"R0","Converged",191,"Age","Growth_M (0,0)"
0.107088458225836,0.108,"M_F","Converged",191,"Age","Growth_M (0,0)"
0.107088458225836,0.108,"M_M","Converged",191,"Age","Growth_M (0,0)"
1,0.5,"Female Sex Ratio","Converged",192,"Age","Growth_M (0,0)"
1,0.5,"Male Sex Ratio","Converged",192,"Age","Growth_M (0,0)"
120.700538283943,105.629281085488,"Bmsy","Converged",192,"Age","Growth_M (0,0)"
0.154287227032455,0.161408960638001,"Fmsy","Converged",192,"Age","Growth_M (0,0)"
18.1140720690227,17.28778,"R0","Converged",192,"Age","Growth_M (0,0)"
0.102015905192408,0.108,"M_F","Converged",192,"Age","Growth_M (0,0)"
0.102015905192408,0.108,"M_M","Converged",192,"Age","Growth_M (0,0)"
1,0.5,"Female Sex Ratio","Converged",193,"Age","Growth_M (0,0)"
1,0.5,"Male Sex Ratio","Converged",193,"Age","Growth_M (0,0)"
118.837332988337,105.629281085488,"Bmsy","Converged",193,"Age","Growth_M (0,0)"
0.15761173586823,0.161408960638001,"Fmsy","Converged",193,"Age","Growth_M (0,0)"
14.7449509302853,17.28778,"R0","Converged",193,"Age","Growth_M (0,0)"
0.102645406054074,0.108,"M_F","Converged",193,"Age","Growth_M (0,0)"
0.102645406054074,0.108,"M_M","Converged",193,"Age","Growth_M (0,0)"
1,0.5,"Female Sex Ratio","Converged",194,"Age","Growth_M (0,0)"
1,0.5,"Male Sex Ratio","Converged",194,"Age","Growth_M (0,0)"
111.106965816745,105.629281085488,"Bmsy","Converged",194,"Age","Growth_M (0,0)"
0.158493480576723,0.161408960638001,"Fmsy","Converged",194,"Age","Growth_M (0,0)"
16.8502067699124,17.28778,"R0","Converged",194,"Age","Growth_M (0,0)"
0.108309241148477,0.108,"M_F","Converged",194,"Age","Growth_M (0,0)"
0.108309241148477,0.108,"M_M","Converged",194,"Age","Growth_M (0,0)"
1,0.5,"Female Sex Ratio","Converged",195,"Age","Growth_M (0,0)"
1,0.5,"Male Sex Ratio","Converged",195,"Age","Growth_M (0,0)"
111.471604168136,105.629281085488,"Bmsy","Converged",195,"Age","Growth_M (0,0)"
0.157995601223491,0.161408960638001,"Fmsy","Converged",195,"Age","Growth_M (0,0)"
16.9395420003782,17.28778,"R0","Converged",195,"Age","Growth_M (0,0)"
0.10683480172093,0.108,"M_F","Converged",195,"Age","Growth_M (0,0)"
0.10683480172093,0.108,"M_M","Converged",195,"Age","Growth_M (0,0)"
1,0.5,"Female Sex Ratio","Converged",196,"Age","Growth_M (0,0)"
1,0.5,"Male Sex Ratio","Converged",196,"Age","Growth_M (0,0)"
108.611225349199,105.629281085488,"Bmsy","Converged",196,"Age","Growth_M (0,0)"
0.162168908422751,0.161408960638001,"Fmsy","Converged",196,"Age","Growth_M (0,0)"
17.2978288719706,17.28778,"R0","Converged",196,"Age","Growth_M (0,0)"
0.109165357040591,0.108,"M_F","Converged",196,"Age","Growth_M (0,0)"
0.109165357040591,0.108,"M_M","Converged",196,"Age","Growth_M (0,0)"
1,0.5,"Female Sex Ratio","Converged",197,"Age","Growth_M (0,0)"
1,0.5,"Male Sex Ratio","Converged",197,"Age","Growth_M (0,0)"
103.603081900769,105.629281085488,"Bmsy","Converged",197,"Age","Growth_M (0,0)"
0.163468879593686,0.161408960638001,"Fmsy","Converged",197,"Age","Growth_M (0,0)"
20.5174253337411,17.28778,"R0","Converged",197,"Age","Growth_M (0,0)"
0.112918432704098,0.108,"M_F","Converged",197,"Age","Growth_M (0,0)"
0.112918432704098,0.108,"M_M","Converged",197,"Age","Growth_M (0,0)"
1,0.5,"Female Sex Ratio","Converged",198,"Age","Growth_M (0,0)"
1,0.5,"Male Sex Ratio","Converged",198,"Age","Growth_M (0,0)"
98.9095006476297,105.629281085488,"Bmsy","Converged",198,"Age","Growth_M (0,0)"
0.165261218206863,0.161408960638001,"Fmsy","Converged",198,"Age","Growth_M (0,0)"
17.6571064942248,17.28778,"R0","Converged",198,"Age","Growth_M (0,0)"
0.116385719191682,0.108,"M_F","Converged",198,"Age","Growth_M (0,0)"
0.116385719191682,0.108,"M_M","Converged",198,"Age","Growth_M (0,0)"
1,0.5,"Female Sex Ratio","Converged",199,"Age","Growth_M (0,0)"
1,0.5,"Male Sex Ratio","Converged",199,"Age","Growth_M (0,0)"
126.584590650572,105.629281085488,"Bmsy","Converged",199,"Age","Growth_M (0,0)"
0.154132878888949,0.161408960638001,"Fmsy","Converged",199,"Age","Growth_M (0,0)"
14.0101235268971,17.28778,"R0","Converged",199,"Age","Growth_M (0,0)"
0.0982760602927009,0.108,"M_F","Converged",199,"Age","Growth_M (0,0)"
0.0982760602927009,0.108,"M_M","Converged",199,"Age","Growth_M (0,0)"
1,0.5,"Female Sex Ratio","Converged",200,"Age","Growth_M (0,0)"
1,0.5,"Male Sex Ratio","Converged",200,"Age","Growth_M (0,0)"
94.7758494409522,105.629281085488,"Bmsy","Converged",200,"Age","Growth_M (0,0)"
0.171018742243536,0.161408960638001,"Fmsy","Converged",200,"Age","Growth_M (0,0)"
17.78509070459,17.28778,"R0","Converged",200,"Age","Growth_M (0,0)"
0.119308233940824,0.108,"M_F","Converged",200,"Age","Growth_M (0,0)"
0.119308233940824,0.108,"M_M","Converged",200,"Age","Growth_M (0,0)"
